"BHK","Area_SqFt","City","Price_Lacs","Locality","Avg_Price_Per_SqFt","Possession_Status","Listing_Title","Listing_URL","Source","Page_Number"
"3","2200","Thrissur","90","East Nada","4.09k/sq.ft","1st Dec, 2026","3 BHK Independent House in East Nada, Thrissur","https://housing.com/in/buy/resale/page/20305238-3-bhk-independent-house-in-east-nada-for-rs-9000000","Housing.com","1"
"3","1800","Thrissur","60.01","Ayyanthole","3.33k/sq.ft","Ready to move","3 BHK Independent House in Ayyanthole","https://housing.com/in/buy/resale/page/20050501-3-bhk-independent-house-in-ayyanthole-for-rs-6000500","Housing.com","1"
"4","1967","Thrissur","89.5","Mannuthy","4.55k/sq.ft","Ready to move","4 BHK Independent House in Mannuthy, Thrissur","https://housing.com/in/buy/resale/page/20260229-4-bhk-independent-house-in-mannuthy-for-rs-8950000","Housing.com","1"
"3","2000","Thrissur","90","Manathala, Chavakkad","4.5k/sq.ft","1st Oct, 2026","3 BHK Independent House in Manathala, Chavakkad","https://housing.com/in/buy/resale/page/20249554-3-bhk-independent-house-in-chavakkad-for-rs-9000000","Housing.com","1"
"3","2200","Thrissur","90","Muthuvattoor","4.09k/sq.ft","1st Dec, 2026","3 BHK Independent House in Muthuvattoor, Thrissur","https://housing.com/in/buy/resale/page/20305261-3-bhk-independent-house-in-muthuvattoor-for-rs-9000000","Housing.com","1"
"3","2200","Thrissur","90","North Nada","4.09k/sq.ft","1st Dec, 2026","3 BHK Independent House in North Nada, Thrissur","https://housing.com/in/buy/resale/page/20305279-3-bhk-independent-house-in-north-nada-for-rs-9000000","Housing.com","1"
"3","1800","Thrissur","60","Puthurkkara","3.33k/sq.ft","Ready to move","3 BHK Independent House in Puthurkkara","https://housing.com/in/buy/resale/page/20050476-3-bhk-independent-house-in-puthurkkara-for-rs-6000000","Housing.com","1"
"4","4000","Thrissur","310","Kaiparambu","7.75k/sq.ft","1st Jan, 2027","4 BHK Independent House in Kaiparambu, Thrissur","https://housing.com/in/buy/resale/page/20302136-4-bhk-independent-house-in-kaiparambu-for-rs-31000000","Housing.com","1"
"3","2200","Thrissur","90","Pavaratty","4.09k/sq.ft","1st Dec, 2026","3 BHK Independent House in Pavaratty, Thrissur","https://housing.com/in/buy/resale/page/20305296-3-bhk-independent-house-in-pavaratty-for-rs-9000000","Housing.com","1"
"4","3000","Thrissur","220.00000000000003","Vasanth Nagar","7.33k/sq.ft","1st Dec, 2026","4 BHK Independent House in Vasanth Nagar, Thrissur","https://housing.com/in/buy/resale/page/20287056-4-bhk-independent-house-in-vasanth-nagar-for-rs-22000000","Housing.com","1"
"4","2500","Thrissur","85","Mannumkad, Ramavarmapuram","3.4k/sq.ft","Ready to move","4 BHK Independent House in Mannumkad, Ramavarmapuram","https://housing.com/in/buy/resale/page/20194974-4-bhk-independent-house-in-ramavarmapuram-for-rs-8500000","Housing.com","1"
"4","2200","Thrissur","195","Velappaya, Killannur","8.86k/sq.ft","Ready to move","4 BHK Independent House in Velappaya, Killannur, Thrissur","https://housing.com/in/buy/resale/page/20126645-4-bhk-independent-house-in-velappaya-for-rs-19500000","Housing.com","1"
"4","4000","Thrissur","420","Patturaikkal","10.5k/sq.ft","Ready to move","4 BHK Independent House in Patturaikkal, Thrissur","https://housing.com/in/buy/resale/page/19843715-4-bhk-independent-house-in-patturaikkal-for-rs-42000000","Housing.com","1"
"5","3650","Thrissur","148","Marathakkara","4.05k/sq.ft","Ready to move","5 BHK Independent House in Marathakkara, Thrissur","https://housing.com/in/buy/resale/page/19843915-5-bhk-independent-house-in-marathakkara-for-rs-14800000","Housing.com","1"
"4","4000","Thrissur","310","Puzhakkal","7.75k/sq.ft","2nd Nov, 2026","4 BHK Independent House in Puzhakkal, Thrissur","https://housing.com/in/buy/resale/page/20302339-4-bhk-independent-house-in-puzhakkal-for-rs-31000000","Housing.com","1"
"3","2000","Thrissur","68","Ollur","3.4k/sq.ft","12th Oct, 2026","3 BHK Independent House in Ollur, Thrissur","https://housing.com/in/buy/resale/page/20215768-3-bhk-independent-house-in-ollur-for-rs-6800000","Housing.com","1"
"4","1800","Thrissur","85","Poochatty","4.72k/sq.ft","Ready to move","4 BHK Independent House in Poochatty, Thrissur","https://housing.com/in/buy/resale/page/19982999-4-bhk-independent-house-in-poochatty-for-rs-8500000","Housing.com","1"
"3","2000","Thrissur","90","East Nada","4.5k/sq.ft","16th Oct, 2026","3 BHK Independent House in East Nada, Thrissur","https://housing.com/in/buy/resale/page/20259517-3-bhk-independent-house-in-east-nada-for-rs-9000000","Housing.com","1"
"4","3000","Thrissur","220.00000000000003","Punkunnam","7.33k/sq.ft","31st Dec, 2026","4 BHK Independent House in Punkunnam, Thrissur","https://housing.com/in/buy/resale/page/20271738-4-bhk-independent-house-in-punkunnam-for-rs-22000000","Housing.com","1"
"3","2000","Thrissur","68","Koorkenchery","3.4k/sq.ft","6th Jan, 2027","3 BHK Independent House in Koorkenchery","https://housing.com/in/buy/resale/page/20023913-3-bhk-independent-house-in-koorkenchery-for-rs-6800000","Housing.com","1"
"3","2001","Thrissur","68","Koorkenchery","3.4k/sq.ft","8th May, 2026","3 BHK Independent House in Koorkenchery, Thrissur","https://housing.com/in/buy/resale/page/20187695-3-bhk-independent-house-in-koorkenchery-for-rs-6800000","Housing.com","1"
"4","2200","Thrissur","105","Mannuthy","4.77k/sq.ft","Ready to move","4 BHK Independent House in Mannuthy, Thrissur","https://housing.com/in/buy/resale/page/19995149-4-bhk-independent-house-in-mannuthy-for-rs-10500000","Housing.com","1"
"3","2001","Thrissur","90","Kunnamkulam","4.5k/sq.ft","1st Nov, 2026","3 BHK Independent House in Kunnamkulam, Thrissur","https://housing.com/in/buy/resale/page/20287602-3-bhk-independent-house-in-kunnamkulam-for-rs-9000000","Housing.com","1"
"3","2000","Thrissur","68","Punkunnam","3.4k/sq.ft","10th Feb, 2027","3 BHK Independent House in Punkunnam","https://housing.com/in/buy/resale/page/20023648-3-bhk-independent-house-in-punkunnam-for-rs-6800000","Housing.com","1"
"3","2000","Thrissur","68","Nellikunnu","3.4k/sq.ft","10th Dec, 2026","3 BHK Independent House in Nellikunnu","https://housing.com/in/buy/resale/page/20024068-3-bhk-independent-house-in-nellikunnu-for-rs-6800000","Housing.com","1"
"3","2000","Thrissur","90","Thiroor","4.5k/sq.ft","1st Oct, 2026","3 BHK Independent House in Thiroor, Thrissur","https://housing.com/in/buy/resale/page/20247930-3-bhk-independent-house-in-thiroor-for-rs-9000000","Housing.com","1"
"3","2000","Thrissur","68","Kuriachira","3.4k/sq.ft","9th Oct, 2026","3 BHK Independent House in Kuriachira, Thrissur","https://housing.com/in/buy/resale/page/20194894-3-bhk-independent-house-in-kuriachira-for-rs-6800000","Housing.com","1"
"5","2500","Thrissur","105","Mannuthy","4.2k/sq.ft","Ready to move","5 BHK Independent House in Mannuthy, Thrissur","https://housing.com/in/buy/resale/page/20303350-5-bhk-independent-house-in-mannuthy-for-rs-10500000","Housing.com","1"
"3","2000","Thrissur","68","Naikkanal","3.4k/sq.ft","28th Nov, 2026","3 BHK Independent House in Naikkanal","https://housing.com/in/buy/resale/page/20024204-3-bhk-independent-house-in-naikkanal-for-rs-6800000","Housing.com","1"
"3","2000","Thrissur","90","Muthuvattoor","4.5k/sq.ft","1st Oct, 2026","3 BHK Independent House in Muthuvattoor, Thrissur","https://housing.com/in/buy/resale/page/20246681-3-bhk-independent-house-in-muthuvattoor-for-rs-9000000","Housing.com","1"
"3","1500","Thrissur","60","Muringoor","4.0k/sq.ft","Ready to move","3 BHK Independent House in Muringoor, Thrissur","https://housing.com/in/buy/resale/page/18840687-3-bhk-independent-house-in-muringoor-for-rs-6000000","Housing.com","2"
"4","4500","Thrissur","200","Paravattani","4.44k/sq.ft","Ready to move","4 BHK Independent House in Paravattani, Thrissur","https://housing.com/in/buy/resale/page/11573912-4-bhk-independent-house-in-paravattani-for-rs-20000000-v2","Housing.com","2"
"3","2000","Thrissur","90","Guruvayur","4.5k/sq.ft","1st Nov, 2026","3 BHK Independent House in Guruvayur, Thrissur","https://housing.com/in/buy/resale/page/20242756-3-bhk-independent-house-in-guruvayoor-for-rs-9000000","Housing.com","2"
"4","2100","Thrissur","73","Koorkenchery","3.48k/sq.ft","Ready to move","4 BHK Independent House in Koorkenchery","https://housing.com/in/buy/resale/page/19615304-4-bhk-independent-house-in-koorkenchery-for-rs-7300000","Housing.com","2"
"2","800","Thrissur","30","Puthurkkara","3.75k/sq.ft","Ready to move","2 BHK Independent House in Puthurkkara, Thrissur","https://housing.com/in/buy/resale/page/20155801-2-bhk-independent-house-in-puthurkkara-for-rs-3000000","Housing.com","2"
"3","1700","Thrissur","70","Chalakudy Municipal Central Market, Chalakudy","4.12k/sq.ft","Ready to move","3 BHK Independent House in Chalakudy Municipal Central Market, Chalakudy","https://housing.com/in/buy/resale/page/20127830-3-bhk-independent-house-in-chalakudy-for-rs-7000000","Housing.com","2"
"2","800","Thrissur","95","Chettupuzha","11.88k/sq.ft","Ready to move","2 BHK Independent House in Chettupuzha, Thrissur","https://housing.com/in/buy/resale/page/20132623-2-bhk-independent-house-in-chettupuzha-for-rs-9500000","Housing.com","2"
"3","1450","Thrissur","52","Kottapuram, Kodungallur","3.59k/sq.ft","Ready to move","3 BHK Independent House in Kottapuram, Kodungallur","https://housing.com/in/buy/resale/page/20132757-3-bhk-independent-house-in-kottapuram-for-rs-5200000","Housing.com","2"
"4","1500","Thrissur","65","Irinjalakuda","4.33k/sq.ft","Ready to move","4 BHK Independent House in Irinjalakuda, Thrissur","https://housing.com/in/buy/resale/page/20126656-4-bhk-independent-house-in-irinjalakuda-for-rs-6500000","Housing.com","2"
"3","1800","Thrissur","75","Kalathode","4.17k/sq.ft","Ready to move","3 BHK Independent House in Kalathode, Thrissur","https://housing.com/in/buy/resale/page/20095557-3-bhk-independent-house-in-kalathode-for-rs-7500000","Housing.com","2"
"2","1300","Thrissur","42","Iringaprom","3.23k/sq.ft","Ready to move","2 BHK Independent House in Iringaprom, Thrissur","https://housing.com/in/buy/resale/page/19430372-2-bhk-independent-house-in-iringaprom-for-rs-4200000","Housing.com","2"
"4","1200","Thrissur","48","Ollur","4.0k/sq.ft","Ready to move","4 BHK Independent House in Ollur, Thrissur","https://housing.com/in/buy/resale/page/20136692-4-bhk-independent-house-in-ollur-for-rs-4800000","Housing.com","2"
"4","2800","Thrissur","300","Vasanth Nagar","10.71k/sq.ft","Ready to move","4 BHK Independent House in Vasanth Nagar, Thrissur","https://housing.com/in/buy/resale/page/17857954-4-bhk-independent-house-in-vasanth-nagar-for-rs-30000000","Housing.com","2"
"3","2000","Thrissur","90","Kunnamkulam","4.5k/sq.ft","1st Oct, 2026","3 BHK Independent House in Kunnamkulam, Thrissur","https://housing.com/in/buy/resale/page/20243080-3-bhk-independent-house-in-kunnamkulam-for-rs-9000000","Housing.com","2"
"3","1000","Thrissur","35","Viyyoor","3.5k/sq.ft","Ready to move","3 BHK Independent House in Viyyoor, Thrissur","https://housing.com/in/buy/resale/page/20035090-3-bhk-independent-house-in-viyyoor-for-rs-3500000","Housing.com","2"
"3","1100","Thrissur","39.5","Annamanada","3.59k/sq.ft","Ready to move","3 BHK Independent House in Annamanada, Thrissur","https://housing.com/in/buy/resale/page/20012042-3-bhk-independent-house-in-annamanada-for-rs-3950000","Housing.com","2"
"4","3300","Thrissur","190","Chiyyaram","5.76k/sq.ft","Ready to move","4 BHK Independent House in Chiyyaram, Thrissur","https://housing.com/in/buy/resale/page/15732602-4-bhk-independent-house-in-chiyyaram-for-rs-19000000","Housing.com","2"
"4","3000","Thrissur","220.00000000000003","Chembukkav","7.33k/sq.ft","1st Dec, 2026","4 BHK Independent House in Chembukkav, Thrissur","https://housing.com/in/buy/resale/page/20286893-4-bhk-independent-house-in-chembukkav-for-rs-22000000","Housing.com","2"
"3","2000","Thrissur","68","Irinjalakuda","3.4k/sq.ft","6th Oct, 2026","3 BHK Independent House in Irinjalakuda, Thrissur","https://housing.com/in/buy/resale/page/20169964-3-bhk-independent-house-in-irinjalakuda-for-rs-6800000","Housing.com","2"
"3","1500","Thrissur","25","Chalakudy","1.67k/sq.ft","Ready to move","3 BHK Independent House in Chalakudy","https://housing.com/in/buy/resale/page/17730731-3-bhk-independent-house-in-chalakudy-for-rs-2500000","Housing.com","2"
"4","2600","Thrissur","175","Chembukkav","6.73k/sq.ft","Ready to move","4 BHK Independent House in Chembukkav, Thrissur","https://housing.com/in/buy/resale/page/20216725-4-bhk-independent-house-in-chembukkav-for-rs-17500000","Housing.com","2"
"4","1800","Thrissur","40","Keltron Nagar, Kolazhy","2.22k/sq.ft","Ready to move","4 BHK Independent House in Keltron Nagar, Kolazhy","https://housing.com/in/buy/resale/page/17874469-4-bhk-independent-house-in-kolazhy-for-rs-4000000","Housing.com","2"
"3","2000","Thrissur","90","Paluvai","4.5k/sq.ft","1st Oct, 2026","3 BHK Independent House in Paluvai, Thrissur","https://housing.com/in/buy/resale/page/20249388-3-bhk-independent-house-in-paluvai-for-rs-9000000","Housing.com","3"
"5","2500","Thrissur","100","Kuriachira","4.0k/sq.ft","Ready to move","5 BHK Independent House in Kuriachira","https://housing.com/in/buy/resale/page/13288755-5-bhk-independent-house-in-kuriachira-for-rs-10000000","Housing.com","3"
"2","1000","Thrissur","30","Sringapuram, Kodungallur","3.0k/sq.ft","Ready to move","2 BHK Independent House in Sringapuram, Kodungallur","https://housing.com/in/buy/resale/page/19711162-2-bhk-independent-house-in-sringapuram-for-rs-3000000","Housing.com","3"
"3","1720","Thrissur","53","Varadiyam","3.08k/sq.ft","Ready to move","3 BHK Independent House in Varadiyam","https://housing.com/in/buy/resale/page/19681062-3-bhk-independent-house-in-varadiyam-for-rs-5300000","Housing.com","3"
"3","1100","Thrissur","25","Mala","2.27k/sq.ft","Ready to move","3 BHK Independent House in Mala, Thrissur","https://housing.com/in/buy/resale/page/17273930-3-bhk-independent-house-in-mala-for-rs-2500000-v2","Housing.com","3"
"2","1050","Thrissur","46","Maruthayoor","4.38k/sq.ft","Ready to move","2 BHK Independent House in Maruthayoor","https://housing.com/in/buy/resale/page/16496820-2-bhk-independent-house-in-maruthayoor-for-rs-4600000","Housing.com","3"
"3","1850","Thrissur","55","Mannuthy","2.97k/sq.ft","Ready to move","3 BHK Independent House in Mannuthy","https://housing.com/in/buy/resale/page/9435145-3-bhk-independent-house-in-mannuthy-for-rs-5500000","Housing.com","3"
"4","2450","Thrissur","100","Kottekkad, Kuttoor","4.08k/sq.ft","Ready to move","4 BHK Independent House in Kottekkad, Kuttoor","https://housing.com/in/buy/resale/page/20233610-4-bhk-independent-house-in-kuttoor-for-rs-10000000","Housing.com","3"
"3","1100","Thrissur","45","Nedupurha","4.09k/sq.ft","Ready to move","3 BHK Independent House in Nedupurha","https://housing.com/in/buy/resale/page/19702536-3-bhk-independent-house-in-nedupurha-for-rs-4500000","Housing.com","3"
"4","2130","Thrissur","78","Veliyannur","3.66k/sq.ft","Ready to move","4 BHK Independent House in Veliyannur, Thrissur","https://housing.com/in/buy/resale/page/20172290-4-bhk-independent-house-in-veliyannur-for-rs-7800000","Housing.com","3"
"4","3700","Thrissur","195","Patturaikkal","5.27k/sq.ft","Ready to move","4 BHK Independent House in Patturaikkal, Thrissur","https://housing.com/in/buy/resale/page/19842920-4-bhk-independent-house-in-patturaikkal-for-rs-19500000","Housing.com","3"
"5","2000","Thrissur","75","Kottekkad, Attore","3.75k/sq.ft","Ready to move","5 BHK Independent House in Kottekkad, Attore","https://housing.com/in/buy/resale/page/15640673-5-bhk-independent-house-in-attore-for-rs-7500000","Housing.com","3"
"2","1089","Thrissur","17","Anchery","1.56k/sq.ft","Ready to move","2 BHK Independent House in Anchery","https://housing.com/in/buy/resale/page/19806917-2-bhk-independent-house-in-anchery-for-rs-1700000","Housing.com","3"
"2","1995","Thrissur","66","Ollur","3.31k/sq.ft","Ready to move","2 BHK Independent House in Ollur, Thrissur","https://housing.com/in/buy/resale/page/16298178-2-bhk-independent-house-in-ollur-for-rs-6600000","Housing.com","3"
"3","2000","Thrissur","68","Kolazhy","3.4k/sq.ft","7th Jan, 2027","3 BHK Independent House in Kolazhy","https://housing.com/in/buy/resale/page/20023959-3-bhk-independent-house-in-kolazhy-for-rs-6800000","Housing.com","3"
"4","3000","Thrissur","210","Pandikkavu, Viyyoor","7.0k/sq.ft","1st Aug, 2026","4 BHK Independent House in Pandikkavu, Viyyoor","https://housing.com/in/buy/resale/page/20063171-4-bhk-independent-house-in-viyyoor-for-rs-21000000","Housing.com","3"
"3","2000","Thrissur","90","Palayoor","4.5k/sq.ft","1st Oct, 2026","3 BHK Independent House in Palayoor, Thrissur","https://housing.com/in/buy/resale/page/20242903-3-bhk-independent-house-in-palayoor-for-rs-9000000","Housing.com","3"
"3","2000","Thrissur","90","North Nada","4.5k/sq.ft","1st Oct, 2026","3 BHK Independent House in North Nada, Thrissur","https://housing.com/in/buy/resale/page/20247446-3-bhk-independent-house-in-north-nada-for-rs-9000000","Housing.com","3"
"3","2000","Thrissur","68","Ayyanthole","3.4k/sq.ft","20th Jan, 2027","3 BHK Independent House in Ayyanthole","https://housing.com/in/buy/resale/page/20023795-3-bhk-independent-house-in-ayyanthole-for-rs-6800000","Housing.com","3"
"4","3000","Thrissur","185","Ayyanthole","6.17k/sq.ft","1st Oct, 2026","4 BHK Independent House in Ayyanthole, Thrissur","https://housing.com/in/buy/resale/page/20033997-4-bhk-independent-house-in-ayyanthole-for-rs-18500000","Housing.com","3"
"2","1600","Thrissur","24","Guruvayur","1.5k/sq.ft","25th Aug, 2026","2 BHK Independent House in Guruvayur, Thrissur","https://housing.com/in/buy/resale/page/19806867-2-bhk-independent-house-in-guruvayoor-for-rs-2400000","Housing.com","3"
"3","2000","Thrissur","90","Mammiyoor","4.5k/sq.ft","1st Oct, 2026","3 BHK Independent House in Mammiyoor, Thrissur","https://housing.com/in/buy/resale/page/20247647-3-bhk-independent-house-in-mammiyoor-for-rs-9000000","Housing.com","4"
"3","1300","Thrissur","40","Ayyanthole","3.08k/sq.ft","Ready to move","3 BHK Independent House in Ayyanthole, Thrissur","https://housing.com/in/buy/resale/page/20289317-3-bhk-independent-house-in-ayyanthole-for-rs-4000000","Housing.com","4"
"4","3000","Thrissur","220.00000000000003","Patturaikkal","7.33k/sq.ft","1st Dec, 2026","4 BHK Independent House in Patturaikkal, Thrissur","https://housing.com/in/buy/resale/page/20286846-4-bhk-independent-house-in-patturaikkal-for-rs-22000000","Housing.com","4"
"3","2200","Thrissur","90","Guruvayur","4.09k/sq.ft","1st Dec, 2026","3 BHK Independent House in Guruvayur, Thrissur","https://housing.com/in/buy/resale/page/20305175-3-bhk-independent-house-in-guruvayoor-for-rs-9000000","Housing.com","4"
"5","2200","Thrissur","110.00000000000001","Cheroor","5.0k/sq.ft","Ready to move","5 BHK Independent House in Cheroor, Thrissur","https://housing.com/in/buy/resale/page/20126506-5-bhk-independent-house-in-cheroor-for-rs-11000000","Housing.com","4"
"4","3000","Thrissur","180","Kottekkad, Kuttoor","6.0k/sq.ft","Ready to move","4 BHK Independent House in Kottekkad, Kuttoor","https://housing.com/in/buy/resale/page/19977292-4-bhk-independent-house-in-kuttoor-for-rs-18000000","Housing.com","4"
"3","2000","Thrissur","90","Palayoor","4.5k/sq.ft","1st Oct, 2026","3 BHK Independent House in Palayoor, Thrissur","https://housing.com/in/buy/resale/page/20246440-3-bhk-independent-house-in-palayoor-for-rs-9000000","Housing.com","4"
"4","3000","Thrissur","210","Manathala, Chavakkad","7.0k/sq.ft","1st Nov, 2026","4 BHK Independent House in Manathala, Chavakkad","https://housing.com/in/buy/resale/page/20086513-4-bhk-independent-house-in-chavakkad-for-rs-21000000","Housing.com","4"
"4","2500","Thrissur","75","Guruvayur","3.0k/sq.ft","Ready to move","4 BHK Independent House in Guruvayur, Thrissur","https://housing.com/in/buy/resale/page/19641010-4-bhk-independent-house-in-guruvayoor-for-rs-7500000","Housing.com","4"
"4","2003","Thrissur","93","Nadathara","4.64k/sq.ft","Ready to move","4 BHK Independent House in Nadathara, Thrissur","https://housing.com/in/buy/resale/page/20122785-4-bhk-independent-house-in-nadathara-for-rs-9300000","Housing.com","4"
"4","2000","Thrissur","85","Mannuthy","4.25k/sq.ft","Ready to move","4 BHK Independent House in Mannuthy, Thrissur","https://housing.com/in/buy/resale/page/20213373-4-bhk-independent-house-in-mannuthy-for-rs-8500000","Housing.com","4"
"4","2700","Thrissur","145","Cheroor","5.37k/sq.ft","Ready to move","4 BHK Independent House in Cheroor, Thrissur","https://housing.com/in/buy/resale/page/20233461-4-bhk-independent-house-in-cheroor-for-rs-14500000","Housing.com","4"
"4","3000","Thrissur","160","Kottappuram","5.33k/sq.ft","1st Oct, 2026","4 BHK Independent House in Kottappuram, Thrissur","https://housing.com/in/buy/resale/page/20032164-4-bhk-independent-house-in-kottappuram-for-rs-16000000","Housing.com","4"
"2","150","Thrissur","15","Irinjalakuda","10.0k/sq.ft","Ready to move","2 BHK Independent House in Irinjalakuda","https://housing.com/in/buy/resale/page/19391062-2-bhk-independent-house-in-irinjalakuda-for-rs-1500000","Housing.com","4"
"1","1250","Thrissur","29","Chalakudy","2.32k/sq.ft","Ready to move","1 BHK Independent House in Chalakudy, Thrissur","https://housing.com/in/buy/resale/page/20079420-1-bhk-independent-house-in-chalakudy-for-rs-2900000","Housing.com","4"
"3","1501","Thrissur","76","Pandikkavu, Viyyoor","5.06k/sq.ft","Ready to move","3 BHK Independent House in Pandikkavu, Viyyoor","https://housing.com/in/buy/resale/page/17838066-3-bhk-independent-house-in-viyyoor-for-rs-7600000-v2","Housing.com","4"
"3","2000","Thrissur","90","Kottekkad, Kuttoor","4.5k/sq.ft","1st Oct, 2026","3 BHK Independent House in Kottekkad, Kuttoor","https://housing.com/in/buy/resale/page/20249075-3-bhk-independent-house-in-kuttoor-for-rs-9000000","Housing.com","4"
"2","950","Thrissur","28","Amalanagar","2.95k/sq.ft","Ready to move","2 BHK Independent House in Amalanagar","https://housing.com/in/buy/resale/page/17646008-2-bhk-independent-house-in-amalanagar-for-rs-2800000","Housing.com","4"
"2","1800","Thrissur","65","Mukkattukara","3.61k/sq.ft","Ready to move","2 BHK Independent House in Mukkattukara, Thrissur","https://housing.com/in/buy/resale/page/20259079-2-bhk-independent-house-in-mukkattukara-for-rs-6500000","Housing.com","4"
"5","2900","Thrissur","135","Meloor","4.66k/sq.ft","Ready to move","5 BHK Independent House in Meloor, Thrissur","https://housing.com/in/buy/resale/page/20228127-5-bhk-independent-house-in-meloor-for-rs-13500000","Housing.com","4"
"3","2000","Thrissur","90","Kottapadi","4.5k/sq.ft","1st Oct, 2026","3 BHK Independent House in Kottapadi, Thrissur","https://housing.com/in/buy/resale/page/20249661-3-bhk-independent-house-in-kottapadi-for-rs-9000000","Housing.com","4"
"3","1500","Thrissur","75","Vadookara","5.0k/sq.ft","Ready to move","3 BHK Independent House in Vadookara, Thrissur","https://housing.com/in/buy/resale/page/15652965-3-bhk-independent-house-in-vadookara-for-rs-7500000","Housing.com","4"
"4","3000","Thrissur","130","Irinjalakuda","4.33k/sq.ft","Ready to move","4 BHK Independent House in Irinjalakuda","https://housing.com/in/buy/resale/page/16524227-4-bhk-independent-house-in-irinjalakuda-for-rs-13000000","Housing.com","4"
"3","1200","Thrissur","53","Mannuthy","4.42k/sq.ft","Ready to move","3 BHK Independent House in Mannuthy, Thrissur","https://housing.com/in/buy/resale/page/20175013-3-bhk-independent-house-in-mannuthy-for-rs-5300000","Housing.com","4"
"2","850","Thrissur","75","Kattilappoovam, Killannur","8.82k/sq.ft","Ready to move","2 BHK Independent House in Kattilappoovam, Killannur, Thrissur","https://housing.com/in/buy/resale/page/20174852-2-bhk-independent-house-in-kattilappoovam-for-rs-7500000","Housing.com","4"
"3","3300","Thrissur","150","Koorkenchery","4.55k/sq.ft","Ready to move","3 BHK Independent House in Koorkenchery, Thrissur","https://housing.com/in/buy/resale/page/20290657-3-bhk-independent-house-in-koorkenchery-for-rs-15000000","Housing.com","4"
"4","2000","Thrissur","78","Puranattukara","3.9k/sq.ft","Ready to move","4 BHK Independent House in Puranattukara","https://housing.com/in/buy/resale/page/19762869-4-bhk-independent-house-in-puranattukara-for-rs-7800000","Housing.com","4"
"4","2400","Thrissur","125","Krishnapuram Village","5.21k/sq.ft","Ready to move","4 BHK Independent House in Krishnapuram Village, Thrissur","https://housing.com/in/buy/resale/page/17374103-4-bhk-independent-house-in-krishnapuram-village-for-rs-12500000-v2","Housing.com","4"
"2","1500","Thrissur","145","Chembukkav","9.67k/sq.ft","Ready to move","2 BHK Independent House in Chembukkav, Thrissur","https://housing.com/in/buy/resale/page/19869134-2-bhk-independent-house-in-chembukkav-for-rs-14500000","Housing.com","5"
"3","1230","Thrissur","80","Thiruvilwamala","6.5k/sq.ft","Ready to move","3 BHK Independent House in Thiruvilwamala, Thrissur","https://housing.com/in/buy/resale/page/20107123-3-bhk-independent-house-in-thiruvilwamala-for-rs-8000000","Housing.com","5"
"4.5","1500","Thrissur","45","Kolazhy","3.0k/sq.ft","Ready to move","4.5 BHK Independent House in Kolazhy","https://housing.com/in/buy/resale/page/19149459-4.5-bhk-independent-house-in-kolazhy-for-rs-4500000","Housing.com","5"
"4","3800","Thrissur","148","Pandikkavu, Viyyoor","3.89k/sq.ft","Ready to move","4 BHK Independent House in Pandikkavu, Viyyoor","https://housing.com/in/buy/resale/page/19299621-4-bhk-independent-house-in-viyyoor-for-rs-14800000","Housing.com","5"
"3","5662","Thrissur","70","Guruvayur","1.24k/sq.ft","Ready to move","3 BHK Independent House in Guruvayur","https://housing.com/in/buy/resale/page/14169448-3-bhk-independent-house-in-guruvayoor-for-rs-7000000-v3","Housing.com","5"
"4","3000","Thrissur","210","Veliyannur","7.0k/sq.ft","1st Sep, 2026","4 BHK Independent House in Veliyannur, Thrissur","https://housing.com/in/buy/resale/page/20086545-4-bhk-independent-house-in-veliyannur-for-rs-21000000","Housing.com","5"
"3","1800","Thrissur","55","Killannur","3.06k/sq.ft","Ready to move","3 BHK Independent House in Killannur","https://housing.com/in/buy/resale/page/20044767-3-bhk-independent-house-in-killannur-for-rs-5500000","Housing.com","5"
"4","2600","Thrissur","130","Guruvayur","5.0k/sq.ft","Ready to move","4 BHK Independent House in Guruvayur, Thrissur","https://housing.com/in/buy/resale/page/19430354-4-bhk-independent-house-in-guruvayoor-for-rs-13000000","Housing.com","5"
"3","2500","Thrissur","72.5","Guruvayur","2.9k/sq.ft","7th Jan, 2027","3 BHK Independent House in Guruvayur, Thrissur","https://housing.com/in/buy/resale/page/20025652-3-bhk-independent-house-in-guruvayoor-for-rs-7250000","Housing.com","5"
"3","2000","Thrissur","90","West Nada","4.5k/sq.ft","1st Oct, 2026","3 BHK Independent House in West Nada, Thrissur","https://housing.com/in/buy/resale/page/20242988-3-bhk-independent-house-in-west-nada-for-rs-9000000","Housing.com","5"
"3","1650","Thrissur","90","Koorkenchery","5.45k/sq.ft","Ready to move","3 BHK Independent House in Koorkenchery, Thrissur","https://housing.com/in/buy/resale/page/20132014-3-bhk-independent-house-in-koorkenchery-for-rs-9000000","Housing.com","5"
"4","2250","Thrissur","90","Mannuthy","4.0k/sq.ft","Ready to move","4 BHK Independent House in Mannuthy, Thrissur","https://housing.com/in/buy/resale/page/20122657-4-bhk-independent-house-in-mannuthy-for-rs-9000000","Housing.com","5"
"2","700","Thrissur","15","Guruvayur","2.14k/sq.ft","Ready to move","2 BHK Independent House in Guruvayur, Thrissur","https://housing.com/in/buy/resale/page/20265032-2-bhk-independent-house-in-guruvayoor-for-rs-1500000","Housing.com","5"
"4","2900","Thrissur","138","Koorkenchery","4.76k/sq.ft","Ready to move","4 BHK Independent House in Koorkenchery","https://housing.com/in/buy/resale/page/17540082-4-bhk-independent-house-in-koorkenchery-for-rs-13800000","Housing.com","5"
"3","1600","Thrissur","120","Chelakkara","7.5k/sq.ft","Ready to move","3 BHK Independent House in Chelakkara, Thrissur","https://housing.com/in/buy/resale/page/19944009-3-bhk-independent-house-in-chelakkara-for-rs-12000000","Housing.com","5"
"3","1700","Thrissur","80","Chiyyaram","4.71k/sq.ft","Ready to move","3 BHK Independent House in Chiyyaram, Thrissur","https://housing.com/in/buy/resale/page/10399633-3-bhk-independent-house-in-chiyyaram-for-rs-8000000-v2","Housing.com","5"
"4","3000","Thrissur","220.00000000000003","West Fort, Ayyanthole","7.33k/sq.ft","1st Dec, 2026","4 BHK Independent House in West Fort, Ayyanthole","https://housing.com/in/buy/resale/page/20287141-4-bhk-independent-house-in-ayyanthole-for-rs-22000000","Housing.com","5"
"3","1600","Thrissur","60","Guruvayur","3.75k/sq.ft","Ready to move","3 BHK Independent House in Guruvayur","https://housing.com/in/buy/resale/page/19907613-3-bhk-independent-house-in-guruvayoor-for-rs-6000000","Housing.com","5"
"3","1710","Thrissur","65","Keetholi, Kodungallur","3.8k/sq.ft","Ready to move","3 BHK Independent House in Keetholi, Kodungallur","https://housing.com/in/buy/resale/page/9737174-3-bhk-independent-house-in-keetholi-for-rs-6500000-v3","Housing.com","5"
"4","3000","Thrissur","220.00000000000003","Amalanagar","7.33k/sq.ft","1st Dec, 2026","4 BHK Independent House in Amalanagar, Thrissur","https://housing.com/in/buy/resale/page/20271750-4-bhk-independent-house-in-amalanagar-for-rs-22000000","Housing.com","5"
"3","2500","Thrissur","72.5","Ollur","2.9k/sq.ft","10th Feb, 2027","3 BHK Independent House in Ollur, Thrissur","https://housing.com/in/buy/resale/page/20025925-3-bhk-independent-house-in-ollur-for-rs-7250000","Housing.com","5"
"4.5","2400","Thrissur","110.00000000000001","Kuttoor","4.58k/sq.ft","Ready to move","4.5 BHK Independent House in Kuttoor, Thrissur","https://housing.com/in/buy/resale/page/20070511-4.5-bhk-independent-house-in-kuttoor-for-rs-11000000","Housing.com","5"
"4","2400","Thrissur","100","Chalakudy","4.17k/sq.ft","Ready to move","4 BHK Independent House in Chalakudy, Thrissur","https://housing.com/in/buy/resale/page/20116126-4-bhk-independent-house-in-chalakudy-for-rs-10000000","Housing.com","5"
"5","2260","Thrissur","90","Mannuthy","3.98k/sq.ft","Ready to move","5 BHK Independent House in Mannuthy, Thrissur","https://housing.com/in/buy/resale/page/20066221-5-bhk-independent-house-in-mannuthy-for-rs-9000000","Housing.com","5"
"3","3450","Thrissur","49","Chalakudy","1.42k/sq.ft","Ready to move","3 BHK Independent House in Chalakudy, Thrissur","https://housing.com/in/buy/resale/page/14081590-3-bhk-independent-house-in-chalakudy-for-rs-4900000","Housing.com","5"
"4","2300","Thrissur","95","Mannuthy","4.13k/sq.ft","Ready to move","4 BHK Independent House in Mannuthy, Thrissur","https://housing.com/in/buy/resale/page/19976944-4-bhk-independent-house-in-mannuthy-for-rs-9500000","Housing.com","5"
"2","1100","Thrissur","55","Puranattukara","5.0k/sq.ft","Ready to move","2 BHK Independent House in Puranattukara","https://housing.com/in/buy/resale/page/19796814-2-bhk-independent-house-in-puranattukara-for-rs-5500000","Housing.com","5"
"4","1870","Thrissur","75","Keltron Nagar, Kolazhy","4.01k/sq.ft","Ready to move","4 BHK Independent House in Keltron Nagar, Kolazhy","https://housing.com/in/buy/resale/page/11466598-4-bhk-independent-house-in-kolazhy-for-rs-7500000-v3","Housing.com","5"
"4","2200","Thrissur","90","Mannuthy","4.09k/sq.ft","Ready to move","4 BHK Independent House in Mannuthy, Thrissur","https://housing.com/in/buy/resale/page/20015589-4-bhk-independent-house-in-mannuthy-for-rs-9000000","Housing.com","6"
"3","1500","Thrissur","22","Kalletumkara","1.47k/sq.ft","Ready to move","3 BHK Independent House in Kalletumkara, Thrissur","https://housing.com/in/buy/resale/page/19340560-3-bhk-independent-house-in-kalletumkara-for-rs-2200000","Housing.com","6"
"3.5","850","Thrissur","32","Punkunnam","3.76k/sq.ft","Ready to move","3.5 BHK Independent House in Punkunnam, Thrissur","https://housing.com/in/buy/resale/page/17079571-3.5-bhk-independent-house-in-punkunnam-for-rs-32000000","Housing.com","6"
"4","8050","Thrissur","490.00000000000006","Aranattukara","6.09k/sq.ft","Ready to move","4 BHK Independent House in Aranattukara, Thrissur","https://housing.com/in/buy/resale/page/19515864-4-bhk-independent-house-in-aranattukara-for-rs-49000000","Housing.com","6"
"4","2200","Thrissur","65","Irinjalakuda","2.95k/sq.ft","Ready to move","4 BHK Independent House in Irinjalakuda, Thrissur","https://housing.com/in/buy/resale/page/20095378-4-bhk-independent-house-in-irinjalakuda-for-rs-6500000","Housing.com","6"
"4","3600","Thrissur","300","Kuttanellur","8.33k/sq.ft","Ready to move","4 BHK Independent House in Kuttanellur, Thrissur","https://housing.com/in/buy/resale/page/19233251-4-bhk-independent-house-in-kuttanellur-for-rs-30000000","Housing.com","6"
"3","1150","Thrissur","70","Kuttumukku, Cheroor","6.09k/sq.ft","Ready to move","3 BHK Independent House in Kuttumukku, Cheroor","https://housing.com/in/buy/resale/page/19805322-3-bhk-independent-house-in-cheroor-for-rs-7000000","Housing.com","6"
"3","1900","Thrissur","65","Mannuthy","3.42k/sq.ft","Ready to move","3 BHK Independent House in Mannuthy, Thrissur","https://housing.com/in/buy/resale/page/17849956-3-bhk-independent-house-in-mannuthy-for-rs-6500000","Housing.com","6"
"4","4500","Thrissur","380","Kuttanellur","8.44k/sq.ft","Ready to move","4 BHK Independent House in Kuttanellur, Thrissur","https://housing.com/in/buy/resale/page/19867437-4-bhk-independent-house-in-kuttanellur-for-rs-38000000","Housing.com","6"
"4","1750","Thrissur","75","Jyothi Nagar","4.29k/sq.ft","Ready to move","4 BHK Independent House in Jyothi Nagar","https://housing.com/in/buy/resale/page/14424793-4-bhk-independent-house-in-jyothi-nagar-for-rs-7500000","Housing.com","6"
"3","1200","Thrissur","50","Vadookara","4.17k/sq.ft","Ready to move","3 BHK Independent House in Vadookara","https://housing.com/in/buy/resale/page/17435242-3-bhk-independent-house-in-vadookara-for-rs-5000000","Housing.com","6"
"3","2500","Thrissur","72.5","Irinjalakuda","2.9k/sq.ft","21st Apr, 2027","3 BHK Independent House in Irinjalakuda, Thrissur","https://housing.com/in/buy/resale/page/20025565-3-bhk-independent-house-in-irinjalakuda-for-rs-7250000","Housing.com","6"
"3","2800","Thrissur","155","Peramangalam","5.54k/sq.ft","Ready to move","3 BHK Independent House in Peramangalam, Thrissur","https://housing.com/in/buy/resale/page/19843419-3-bhk-independent-house-in-peramangalam-for-rs-15500000","Housing.com","6"
"3","1130","Thrissur","65","Keltron Nagar, Kolazhy","5.75k/sq.ft","Ready to move","3 BHK Independent House in Keltron Nagar, Kolazhy","https://housing.com/in/buy/resale/page/15126545-3-bhk-independent-house-in-kolazhy-for-rs-6500000-v2","Housing.com","6"
"3","2001","Thrissur","90","Guruvayur","4.5k/sq.ft","1st Dec, 2026","3 BHK Independent House in Guruvayur, Thrissur","https://housing.com/in/buy/resale/page/20287428-3-bhk-independent-house-in-guruvayoor-for-rs-9000000","Housing.com","6"
"4","2750","Thrissur","155","Nellikunnu","5.64k/sq.ft","Ready to move","4 BHK Independent House in Nellikunnu","https://housing.com/in/buy/resale/page/11611104-4-bhk-independent-house-in-nellikunnu-for-rs-15500000-v2","Housing.com","6"
"3.5","2800","Thrissur","96","Koorkenchery","3.43k/sq.ft","Ready to move","3.5 BHK Independent House in Koorkenchery","https://housing.com/in/buy/resale/page/19799589-3.5-bhk-independent-house-in-koorkenchery-for-rs-9600000","Housing.com","6"
"2","1250","Thrissur","50","Chalakudy","4.0k/sq.ft","Ready to move","2 BHK Independent House in Chalakudy, Thrissur","https://housing.com/in/buy/resale/page/20268254-2-bhk-independent-house-in-chalakudy-for-rs-5000000","Housing.com","6"
"1","150","Thrissur","1.25","Minalur","833.00/sq.ft","Ready to move","1 BHK Independent House in Minalur, Thrissur","https://housing.com/in/buy/resale/page/17802055-1-bhk-independent-house-in-minalur-for-rs-125000","Housing.com","6"
"5","3920","Thrissur","105","Pottore, Killannur","2.68k/sq.ft","Ready to move","5 BHK Independent House in Pottore, Killannur","https://housing.com/in/buy/resale/page/17562128-5-bhk-independent-house-in-pottore-for-rs-10500000","Housing.com","6"
"5","8177","Thrissur","525","Aranattukara","6.42k/sq.ft","Ready to move","5 BHK Independent House in Aranattukara, Thrissur","https://housing.com/in/buy/resale/page/20145028-5-bhk-independent-house-in-aranattukara-for-rs-52500000","Housing.com","6"
"3","2000","Thrissur","90","Pallikkulam","4.5k/sq.ft","1st Oct, 2026","3 BHK Independent House in Pallikkulam, Thrissur","https://housing.com/in/buy/resale/page/20248986-3-bhk-independent-house-in-pallikkulam-for-rs-9000000","Housing.com","6"
"3","2000","Thrissur","90","Thanikkudam","4.5k/sq.ft","1st Oct, 2026","3 BHK Independent House in Thanikkudam, Thrissur","https://housing.com/in/buy/resale/page/20247819-3-bhk-independent-house-in-thanikkudam-for-rs-9000000","Housing.com","6"
"5","2100","Thrissur","83","Mannuthy","3.95k/sq.ft","Ready to move","5 BHK Independent House in Mannuthy, Thrissur","https://housing.com/in/buy/resale/page/19993925-5-bhk-independent-house-in-mannuthy-for-rs-8300000","Housing.com","6"
"4","1711","Thrissur","85","Kolazhy","4.97k/sq.ft","Ready to move","4 BHK Independent House in Kolazhy","https://housing.com/in/buy/resale/page/17845691-4-bhk-independent-house-in-kolazhy-for-rs-8500000","Housing.com","6"
"3","2000","Thrissur","150","Ollur","7.5k/sq.ft","Ready to move","3 BHK Independent House in Ollur","https://housing.com/in/buy/resale/page/19924059-3-bhk-independent-house-in-ollur-for-rs-15000000","Housing.com","6"
"3","1400","Thrissur","150","Irinjalakuda","10.71k/sq.ft","Ready to move","3 BHK Independent House in Irinjalakuda, Thrissur","https://housing.com/in/buy/resale/page/18093131-3-bhk-independent-house-in-irinjalakuda-for-rs-15000000","Housing.com","6"
"3","2000","Thrissur","90","West Nada","4.5k/sq.ft","1st Oct, 2026","3 BHK Independent House in West Nada, Thrissur","https://housing.com/in/buy/resale/page/20247330-3-bhk-independent-house-in-west-nada-for-rs-9000000","Housing.com","6"
"3","2500","Thrissur","72.5","Amalanagar","2.9k/sq.ft","16th Oct, 2026","3 BHK Independent House in Amalanagar, Thrissur","https://housing.com/in/buy/resale/page/20246439-3-bhk-independent-house-in-amalanagar-for-rs-7250000","Housing.com","6"
"3","2500","Thrissur","72.5","Pandikkavu, Viyyoor","2.9k/sq.ft","30th Dec, 2026","3 BHK Independent House in Pandikkavu, Viyyoor","https://housing.com/in/buy/resale/page/20025619-3-bhk-independent-house-in-viyyoor-for-rs-7250000","Housing.com","7"
"4","2550","Thrissur","85","Koorkenchery","3.33k/sq.ft","Ready to move","4 BHK Independent House in Koorkenchery","https://housing.com/in/buy/resale/page/17510951-4-bhk-independent-house-in-koorkenchery-for-rs-8500000","Housing.com","7"
"4","2000","Thrissur","85","Guruvayur","4.25k/sq.ft","Ready to move","4 BHK Independent House in Guruvayur, Thrissur","https://housing.com/in/buy/resale/page/19641069-4-bhk-independent-house-in-guruvayoor-for-rs-8500000","Housing.com","7"
"4","2650","Thrissur","125","Peramangalam","4.72k/sq.ft","Ready to move","4 BHK Independent House in Peramangalam, Thrissur","https://housing.com/in/buy/resale/page/19944245-4-bhk-independent-house-in-peramangalam-for-rs-12500000","Housing.com","7"
"4","2200","Thrissur","65","Chalakudy","2.95k/sq.ft","Ready to move","4 BHK Independent House in Chalakudy","https://housing.com/in/buy/resale/page/20056667-4-bhk-independent-house-in-chalakudy-for-rs-6500000","Housing.com","7"
"3","2000","Thrissur","68","Poothole","3.4k/sq.ft","7th Jan, 2027","3 BHK Independent House in Poothole","https://housing.com/in/buy/resale/page/20024241-3-bhk-independent-house-in-poothole-for-rs-6800000","Housing.com","7"
"4","3000","Thrissur","210","Koorkenchery","7.0k/sq.ft","1st Aug, 2026","4 BHK Independent House in Koorkenchery","https://housing.com/in/buy/resale/page/20054053-4-bhk-independent-house-in-koorkenchery-for-rs-21000000","Housing.com","7"
"2","800","Thrissur","29","Koorkenchery","3.63k/sq.ft","Ready to move","2 BHK Independent House in Koorkenchery, Thrissur","https://housing.com/in/buy/resale/page/18069048-2-bhk-independent-house-in-koorkenchery-for-rs-2900000","Housing.com","7"
"1.5","800","Thrissur","50","Koorkenchery","6.25k/sq.ft","Ready to move","1.5 BHK Independent House in Koorkenchery","https://housing.com/in/buy/resale/page/19957189-1.5-bhk-independent-house-in-koorkenchery-for-rs-5000000","Housing.com","7"
"3","1500","Thrissur","57","Chiyyaram","3.8k/sq.ft","Ready to move","3 BHK Independent House in Chiyyaram, Thrissur","https://housing.com/in/buy/resale/page/17124989-3-bhk-independent-house-in-chiyyaram-for-rs-5700000","Housing.com","7"
"3","1650","Thrissur","68","Guruvayur","4.12k/sq.ft","Ready to move","3 BHK Independent House in Guruvayur, Thrissur","https://housing.com/in/buy/resale/page/18799846-3-bhk-independent-house-in-guruvayoor-for-rs-6800000-v2","Housing.com","7"
"4","1900","Thrissur","8.56","Guruvayur","450.00/sq.ft","Ready to move","4 BHK Independent House in Guruvayur","https://housing.com/in/buy/resale/page/17689931-4-bhk-independent-house-in-guruvayoor-for-rs-700000","Housing.com","7"
"4","3000","Thrissur","160","Kizhakkumpattukara","5.33k/sq.ft","1st Oct, 2026","4 BHK Independent House in Kizhakkumpattukara, Thrissur","https://housing.com/in/buy/resale/page/20032128-4-bhk-independent-house-in-kizhakkumpattukara-for-rs-16000000","Housing.com","7"
"4","2500","Thrissur","100","Pandikkavu, Viyyoor","4.0k/sq.ft","Ready to move","4 BHK Independent House in Pandikkavu, Viyyoor","https://housing.com/in/buy/resale/page/17472313-4-bhk-independent-house-in-viyyoor-for-rs-10000000","Housing.com","7"
"4","2000","Thrissur","85","Guruvayur","4.25k/sq.ft","Ready to move","4 BHK Independent House in Guruvayur, Thrissur","https://housing.com/in/buy/resale/page/19430321-4-bhk-independent-house-in-guruvayoor-for-rs-8500000","Housing.com","7"
"3","700","Thrissur","26","Irinjalakuda","3.71k/sq.ft","Ready to move","3 BHK Independent House in Irinjalakuda","https://housing.com/in/buy/resale/page/20048007-3-bhk-independent-house-in-irinjalakuda-for-rs-2600000","Housing.com","7"
"4","2680","Thrissur","90","Palakkal","3.36k/sq.ft","Ready to move","4 BHK Independent House in Palakkal, Thrissur","https://housing.com/in/buy/resale/page/20082594-4-bhk-independent-house-in-palakkal-for-rs-9000000","Housing.com","7"
"3","2000","Thrissur","108","Kuttanellur","5.4k/sq.ft","Ready to move","3 BHK Independent House in Kuttanellur, Thrissur","https://housing.com/in/buy/resale/page/19969629-3-bhk-independent-house-in-kuttanellur-for-rs-10800000","Housing.com","7"
"4","2850","Thrissur","180","Chembukkav","6.32k/sq.ft","Ready to move","4 BHK Independent House in Chembukkav, Thrissur","https://housing.com/in/buy/resale/page/19611157-4-bhk-independent-house-in-chembukkav-for-rs-18000000","Housing.com","7"
"4","2900","Thrissur","125","Amalanagar","4.31k/sq.ft","Ready to move","4 BHK Independent House in Amalanagar, Thrissur","https://housing.com/in/buy/resale/page/19379437-4-bhk-independent-house-in-amalanagar-for-rs-12500000","Housing.com","7"
"3","1650","Thrissur","80","Guruvayur","4.85k/sq.ft","Ready to move","3 BHK Independent House in Guruvayur","https://housing.com/in/buy/resale/page/19333183-3-bhk-independent-house-in-guruvayoor-for-rs-8000000","Housing.com","7"
"3","1090","Thrissur","47","Vellanikkara","4.31k/sq.ft","Ready to move","3 BHK Independent House in Vellanikkara","https://housing.com/in/buy/resale/page/19102494-3-bhk-independent-house-in-vellanikkara-for-rs-4700000","Housing.com","7"
"3","1200","Thrissur","69","Chiyyaram","5.75k/sq.ft","Ready to move","3 BHK Independent House in Chiyyaram","https://housing.com/in/buy/resale/page/17515995-3-bhk-independent-house-in-chiyyaram-for-rs-6900000","Housing.com","7"
"3","2000","Thrissur","60","Koorkenchery","3.0k/sq.ft","Ready to move","3 BHK Independent House in Koorkenchery","https://housing.com/in/buy/resale/page/17556588-3-bhk-independent-house-in-koorkenchery-for-rs-6000000","Housing.com","7"
"4","4200","Thrissur","280","Koorkenchery","6.67k/sq.ft","1st Apr, 2026","4 BHK Independent House in Koorkenchery","https://housing.com/in/buy/resale/page/19723232-4-bhk-independent-house-in-koorkenchery-for-rs-28000000","Housing.com","7"
"2","1700","Thrissur","98","Koorkenchery","5.76k/sq.ft","Ready to move","2 BHK Independent House in Koorkenchery, Thrissur","https://housing.com/in/buy/resale/page/17376829-2-bhk-independent-house-in-koorkenchery-for-rs-9800000-v2","Housing.com","7"
"3","2107","Thrissur","120","Amalanagar","5.7k/sq.ft","Ready to move","3 BHK Independent House in Amalanagar","https://housing.com/in/buy/resale/page/19843495-3-bhk-independent-house-in-amalanagar-for-rs-12000000","Housing.com","7"
"4","2540","Thrissur","166.65","Manathala, Chavakkad","6.56k/sq.ft","Ready to move","4 BHK Independent House in Manathala, Chavakkad, Thrissur","https://housing.com/in/buy/resale/synthetic/synth-00001","Synthetic","8"
"4","3110","Thrissur","167.1","Kottappuram","5.37k/sq.ft","28th Feb, 2027","4 BHK Independent House in Kottappuram, Thrissur","https://housing.com/in/buy/resale/synthetic/synth-00002","Synthetic","8"
"4","1900","Thrissur","74.14","Amalanagar","3.90k/sq.ft","1st Sep, 2026","4 BHK Independent House in Amalanagar, Thrissur","https://housing.com/in/buy/resale/synthetic/synth-00003","Synthetic","8"
"1.5","2910","Thrissur","78.49","Ollur","2.70k/sq.ft","1st Aug, 2027","1.5 BHK Independent House in Ollur, Thrissur","https://housing.com/in/buy/resale/synthetic/synth-00004","Synthetic","8"
"2","2260","Thrissur","85.86","Thrissur Rural","3.80k/sq.ft","Ready to move","2 BHK Independent House in Thrissur Rural, Thrissur","https://housing.com/in/buy/resale/synthetic/synth-00005","Synthetic","8"
"3","2910","Thrissur","177.68","Guruvayur","6.11k/sq.ft","Ready to move","3 BHK Independent House in Guruvayur, Thrissur","https://housing.com/in/buy/resale/synthetic/synth-00006","Synthetic","8"
"2.5","830","Thrissur","59.77","Amalanagar","7.20k/sq.ft","1st Feb, 2027","2.5 BHK Independent House in Amalanagar, Thrissur","https://housing.com/in/buy/resale/synthetic/synth-00007","Synthetic","8"
"3","2190","Thrissur","98.06","Kunnamkulam","4.48k/sq.ft","15th Jan, 2027","3 BHK Independent House in Kunnamkulam, Thrissur","https://housing.com/in/buy/resale/synthetic/synth-00008","Synthetic","8"
"4","2310","Thrissur","371.95","Irinjalakuda","16.10k/sq.ft","1st Mar, 2027","4 BHK Independent House in Irinjalakuda, Thrissur","https://housing.com/in/buy/resale/synthetic/synth-00009","Synthetic","8"
"3","2120","Thrissur","83.5","Muthuvattoor","3.94k/sq.ft","1st Jan, 2027","3 BHK Independent House in Muthuvattoor, Thrissur","https://housing.com/in/buy/resale/synthetic/synth-00010","Synthetic","8"
"3","1250","Thrissur","64.34","Mannuthy","5.15k/sq.ft","1st Apr, 2027","3 BHK Independent House in Mannuthy, Thrissur","https://housing.com/in/buy/resale/synthetic/synth-00011","Synthetic","8"
"3","2110","Thrissur","99.72","Chavakkad Beach","4.73k/sq.ft","1st Apr, 2027","3 BHK Independent House in Chavakkad Beach, Thrissur","https://housing.com/in/buy/resale/synthetic/synth-00012","Synthetic","8"
"2.5","1950","Thrissur","86.26","Kunnamkulam","4.42k/sq.ft","1st Jan, 2027","2.5 BHK Independent House in Kunnamkulam, Thrissur","https://housing.com/in/buy/resale/synthetic/synth-00013","Synthetic","8"
"4","1380","Thrissur","67.76","Chiyyaram","4.91k/sq.ft","Ready to move","4 BHK Independent House in Chiyyaram, Thrissur","https://housing.com/in/buy/resale/synthetic/synth-00014","Synthetic","8"
"4","2540","Thrissur","109.64","Pariyaram","4.32k/sq.ft","1st Jun, 2027","4 BHK Independent House in Pariyaram, Thrissur","https://housing.com/in/buy/resale/synthetic/synth-00015","Synthetic","8"
"3.5","2210","Thrissur","92.01","Palayoor","4.16k/sq.ft","1st Apr, 2027","3.5 BHK Independent House in Palayoor, Thrissur","https://housing.com/in/buy/resale/synthetic/synth-00016","Synthetic","8"
"3","2090","Thrissur","90.85","East Nada","4.35k/sq.ft","28th Feb, 2027","3 BHK Independent House in East Nada, Thrissur","https://housing.com/in/buy/resale/synthetic/synth-00017","Synthetic","8"
"3.5","1720","Thrissur","100.32","Puthenchira","5.83k/sq.ft","28th Feb, 2027","3.5 BHK Independent House in Puthenchira, Thrissur","https://housing.com/in/buy/resale/synthetic/synth-00018","Synthetic","8"
"4","2230","Thrissur","129.54","Manathala, Chavakkad","5.81k/sq.ft","1st Oct, 2026","4 BHK Independent House in Manathala, Chavakkad, Thrissur","https://housing.com/in/buy/resale/synthetic/synth-00019","Synthetic","8"
"4","1870","Thrissur","77.35","Jyothi Nagar","4.14k/sq.ft","1st Dec, 2026","4 BHK Independent House in Jyothi Nagar, Thrissur","https://housing.com/in/buy/resale/synthetic/synth-00020","Synthetic","8"
"3","1840","Thrissur","81.12","Kalathode","4.41k/sq.ft","1st Sep, 2026","3 BHK Independent House in Kalathode, Thrissur","https://housing.com/in/buy/resale/synthetic/synth-00021","Synthetic","9"
"3","5200","Thrissur","179.9","Punkunnam","3.46k/sq.ft","1st Mar, 2027","3 BHK Independent House in Punkunnam, Thrissur","https://housing.com/in/buy/resale/synthetic/synth-00022","Synthetic","9"
"2.5","2220","Thrissur","94.8","Pavaratty","4.27k/sq.ft","1st May, 2027","2.5 BHK Independent House in Pavaratty, Thrissur","https://housing.com/in/buy/resale/synthetic/synth-00023","Synthetic","9"
"3","2620","Thrissur","101.98","Koorkenchery","3.89k/sq.ft","15th Jan, 2027","3 BHK Independent House in Koorkenchery, Thrissur","https://housing.com/in/buy/resale/synthetic/synth-00024","Synthetic","9"
"2.5","2600","Thrissur","131.01","Engandiyoor","5.04k/sq.ft","1st Jul, 2027","2.5 BHK Independent House in Engandiyoor, Thrissur","https://housing.com/in/buy/resale/synthetic/synth-00025","Synthetic","9"
"4.5","3890","Thrissur","122.52","Koorkenchery","3.15k/sq.ft","1st Oct, 2026","4.5 BHK Independent House in Koorkenchery, Thrissur","https://housing.com/in/buy/resale/synthetic/synth-00026","Synthetic","9"
"3","1110","Thrissur","48.8","Vellanikkara","4.40k/sq.ft","1st Jan, 2027","3 BHK Independent House in Vellanikkara, Thrissur","https://housing.com/in/buy/resale/synthetic/synth-00027","Synthetic","9"
"2.5","1850","Thrissur","72.15","Kalathode","3.90k/sq.ft","Ready to move","2.5 BHK Independent House in Kalathode, Thrissur","https://housing.com/in/buy/resale/synthetic/synth-00028","Synthetic","9"
"1.5","690","Thrissur","73.44","Irinjalakuda","10.64k/sq.ft","Ready to move","1.5 BHK Independent House in Irinjalakuda, Thrissur","https://housing.com/in/buy/resale/synthetic/synth-00029","Synthetic","9"
"3","2310","Thrissur","104.84","Punkunnam","4.54k/sq.ft","28th Feb, 2027","3 BHK Independent House in Punkunnam, Thrissur","https://housing.com/in/buy/resale/synthetic/synth-00030","Synthetic","9"
"3.5","2690","Thrissur","110.08","Chiyyaram","4.09k/sq.ft","Ready to move","3.5 BHK Independent House in Chiyyaram, Thrissur","https://housing.com/in/buy/resale/synthetic/synth-00031","Synthetic","9"
"4","780","Thrissur","49.13","Desamangalam","6.30k/sq.ft","Ready to move","4 BHK Independent House in Desamangalam, Thrissur","https://housing.com/in/buy/resale/synthetic/synth-00032","Synthetic","9"
"2","2200","Thrissur","85.79","Chalakudy","3.90k/sq.ft","Ready to move","2 BHK Independent House in Chalakudy, Thrissur","https://housing.com/in/buy/resale/synthetic/synth-00033","Synthetic","9"
"2","790","Thrissur","94.18","Chettupuzha","11.92k/sq.ft","1st Jan, 2027","2 BHK Independent House in Chettupuzha, Thrissur","https://housing.com/in/buy/resale/synthetic/synth-00034","Synthetic","9"
"2","2980","Thrissur","126.32","Perinchery","4.24k/sq.ft","1st Aug, 2027","2 BHK Independent House in Perinchery, Thrissur","https://housing.com/in/buy/resale/synthetic/synth-00035","Synthetic","9"
"5","4030","Thrissur","154.55","Marathakkara","3.84k/sq.ft","1st Sep, 2026","5 BHK Independent House in Marathakkara, Thrissur","https://housing.com/in/buy/resale/synthetic/synth-00036","Synthetic","9"
"3.5","1720","Thrissur","64.92","Mannuthy","3.77k/sq.ft","1st Dec, 2026","3.5 BHK Independent House in Mannuthy, Thrissur","https://housing.com/in/buy/resale/synthetic/synth-00037","Synthetic","9"
"5","3640","Thrissur","151.44","Marathakkara","4.16k/sq.ft","1st Jul, 2027","5 BHK Independent House in Marathakkara, Thrissur","https://housing.com/in/buy/resale/synthetic/synth-00038","Synthetic","9"
"4","3700","Thrissur","243.93","Koorkenchery","6.59k/sq.ft","Ready to move","4 BHK Independent House in Koorkenchery, Thrissur","https://housing.com/in/buy/resale/synthetic/synth-00039","Synthetic","9"
"3","2060","Thrissur","60.39","Pandikkavu, Viyyoor","2.93k/sq.ft","28th Feb, 2027","3 BHK Independent House in Pandikkavu, Viyyoor, Thrissur","https://housing.com/in/buy/resale/synthetic/synth-00040","Synthetic","9"
"2.5","2130","Thrissur","75.99","Koorkenchery","3.57k/sq.ft","Ready to move","2.5 BHK Independent House in Koorkenchery, Thrissur","https://housing.com/in/buy/resale/synthetic/synth-00041","Synthetic","10"
"3","1530","Thrissur","70.17","Vadookara","4.59k/sq.ft","1st Feb, 2027","3 BHK Independent House in Vadookara, Thrissur","https://housing.com/in/buy/resale/synthetic/synth-00042","Synthetic","10"
"2.5","2430","Thrissur","113.43","Desamangalam","4.67k/sq.ft","Ready to move","2.5 BHK Independent House in Desamangalam, Thrissur","https://housing.com/in/buy/resale/synthetic/synth-00043","Synthetic","10"
"3.5","1870","Thrissur","86.74","Kunnamkulam","4.64k/sq.ft","Ready to move","3.5 BHK Independent House in Kunnamkulam, Thrissur","https://housing.com/in/buy/resale/synthetic/synth-00044","Synthetic","10"
"2.5","1940","Thrissur","49.39","Kodungallur","2.55k/sq.ft","31st Mar, 2027","2.5 BHK Independent House in Kodungallur, Thrissur","https://housing.com/in/buy/resale/synthetic/synth-00045","Synthetic","10"
"4.5","2370","Thrissur","89.67","Amalanagar","3.78k/sq.ft","28th Feb, 2027","4.5 BHK Independent House in Amalanagar, Thrissur","https://housing.com/in/buy/resale/synthetic/synth-00046","Synthetic","10"
"4.5","2550","Thrissur","88.31","Mannumkad, Ramavarmapuram","3.46k/sq.ft","1st Apr, 2027","4.5 BHK Independent House in Mannumkad, Ramavarmapuram, Thrissur","https://housing.com/in/buy/resale/synthetic/synth-00047","Synthetic","10"
"2.5","1860","Thrissur","96.03","Nellikunnu","5.16k/sq.ft","Ready to move","2.5 BHK Independent House in Nellikunnu, Thrissur","https://housing.com/in/buy/resale/synthetic/synth-00048","Synthetic","10"
"4.5","3380","Thrissur","50.57","Chalakudy","1.50k/sq.ft","Ready to move","4.5 BHK Independent House in Chalakudy, Thrissur","https://housing.com/in/buy/resale/synthetic/synth-00049","Synthetic","10"
"3","1810","Thrissur","76.1","Kalathode","4.20k/sq.ft","Ready to move","3 BHK Independent House in Kalathode, Thrissur","https://housing.com/in/buy/resale/synthetic/synth-00050","Synthetic","10"
"3.5","7960","Thrissur","491.47","Aranattukara","6.17k/sq.ft","Ready to move","3.5 BHK Independent House in Aranattukara, Thrissur","https://housing.com/in/buy/resale/synthetic/synth-00051","Synthetic","10"
"5","1580","Thrissur","50.34","Mannuthy","3.19k/sq.ft","1st May, 2027","5 BHK Independent House in Mannuthy, Thrissur","https://housing.com/in/buy/resale/synthetic/synth-00052","Synthetic","10"
"4","3870","Thrissur","360.87","Patturaikkal","9.32k/sq.ft","15th Jan, 2027","4 BHK Independent House in Patturaikkal, Thrissur","https://housing.com/in/buy/resale/synthetic/synth-00053","Synthetic","10"
"3.5","1750","Thrissur","60.16","Poothole","3.44k/sq.ft","Ready to move","3.5 BHK Independent House in Poothole, Thrissur","https://housing.com/in/buy/resale/synthetic/synth-00054","Synthetic","10"
"1","300","Thrissur","3.0","Minalur","697.00/sq.ft","1st Jun, 2027","1 BHK Independent House in Minalur, Thrissur","https://housing.com/in/buy/resale/synthetic/synth-00055","Synthetic","10"
"6","3520","Thrissur","155.43","Marathakkara","4.42k/sq.ft","15th Jan, 2027","6 BHK Independent House in Marathakkara, Thrissur","https://housing.com/in/buy/resale/synthetic/synth-00056","Synthetic","10"
"3","1970","Thrissur","53.03","Ayyanthole","2.69k/sq.ft","28th Feb, 2027","3 BHK Independent House in Ayyanthole, Thrissur","https://housing.com/in/buy/resale/synthetic/synth-00057","Synthetic","10"
"4.5","2790","Thrissur","147.77","Kizhakkumpattukara","5.30k/sq.ft","Ready to move","4.5 BHK Independent House in Kizhakkumpattukara, Thrissur","https://housing.com/in/buy/resale/synthetic/synth-00058","Synthetic","10"
"4.5","2460","Thrissur","102.36","Mathilakam","4.16k/sq.ft","1st Nov, 2026","4.5 BHK Independent House in Mathilakam, Thrissur","https://housing.com/in/buy/resale/synthetic/synth-00059","Synthetic","10"
"3","3620","Thrissur","273.58","Chembukkav","7.56k/sq.ft","Ready to move","3 BHK Independent House in Chembukkav, Thrissur","https://housing.com/in/buy/resale/synthetic/synth-00060","Synthetic","10"
"3.5","4020","Thrissur","22.51","Guruvayur","560.00/sq.ft","Ready to move","3.5 BHK Independent House in Guruvayur, Thrissur","https://housing.com/in/buy/resale/synthetic/synth-00061","Synthetic","11"
"1.5","3670","Thrissur","18.35","Amalanagar","500.00/sq.ft","Ready to move","1.5 BHK Independent House in Amalanagar, Thrissur","https://housing.com/in/buy/resale/synthetic/synth-00062","Synthetic","11"
"2.5","2880","Thrissur","205.58","Chavakkad Beach","7.14k/sq.ft","Ready to move","2.5 BHK Independent House in Chavakkad Beach, Thrissur","https://housing.com/in/buy/resale/synthetic/synth-00063","Synthetic","11"
"1.5","1760","Thrissur","59.58","Puthurkkara","3.38k/sq.ft","1st Mar, 2027","1.5 BHK Independent House in Puthurkkara, Thrissur","https://housing.com/in/buy/resale/synthetic/synth-00064","Synthetic","11"
"3.5","1350","Thrissur","47.46","Kottapuram, Kodungallur","3.52k/sq.ft","1st Aug, 2027","3.5 BHK Independent House in Kottapuram, Kodungallur, Thrissur","https://housing.com/in/buy/resale/synthetic/synth-00065","Synthetic","11"
"3.5","2020","Thrissur","84.93","East Nada","4.20k/sq.ft","1st Jul, 2027","3.5 BHK Independent House in East Nada, Thrissur","https://housing.com/in/buy/resale/synthetic/synth-00066","Synthetic","11"
"2","3610","Thrissur","154.08","Guruvayur","4.27k/sq.ft","Ready to move","2 BHK Independent House in Guruvayur, Thrissur","https://housing.com/in/buy/resale/synthetic/synth-00067","Synthetic","11"
"4","770","Thrissur","23.0","Guruvayur","2.99k/sq.ft","1st Jan, 2027","4 BHK Independent House in Guruvayur, Thrissur","https://housing.com/in/buy/resale/synthetic/synth-00068","Synthetic","11"
"4","1540","Thrissur","106.01","Irinjalakuda","6.88k/sq.ft","1st Jan, 2027","4 BHK Independent House in Irinjalakuda, Thrissur","https://housing.com/in/buy/resale/synthetic/synth-00069","Synthetic","11"
"2","980","Thrissur","33.31","Vellangallur","3.40k/sq.ft","1st Apr, 2027","2 BHK Independent House in Vellangallur, Thrissur","https://housing.com/in/buy/resale/synthetic/synth-00070","Synthetic","11"
"3","2060","Thrissur","94.63","East Nada","4.59k/sq.ft","1st May, 2027","3 BHK Independent House in East Nada, Thrissur","https://housing.com/in/buy/resale/synthetic/synth-00071","Synthetic","11"
"2.5","2490","Thrissur","127.55","Amalanagar","5.12k/sq.ft","15th Jan, 2027","2.5 BHK Independent House in Amalanagar, Thrissur","https://housing.com/in/buy/resale/synthetic/synth-00072","Synthetic","11"
"3.5","2030","Thrissur","70.52","Poothole","3.47k/sq.ft","1st Mar, 2027","3.5 BHK Independent House in Poothole, Thrissur","https://housing.com/in/buy/resale/synthetic/synth-00073","Synthetic","11"
"3.5","3240","Thrissur","172.87","Kottappuram","5.34k/sq.ft","Ready to move","3.5 BHK Independent House in Kottappuram, Thrissur","https://housing.com/in/buy/resale/synthetic/synth-00074","Synthetic","11"
"3","2750","Thrissur","139.75","Punkunnam","5.08k/sq.ft","1st Feb, 2027","3 BHK Independent House in Punkunnam, Thrissur","https://housing.com/in/buy/resale/synthetic/synth-00075","Synthetic","11"
"3.5","2470","Thrissur","100.55","Kunnamkulam Town","4.07k/sq.ft","1st Aug, 2027","3.5 BHK Independent House in Kunnamkulam Town, Thrissur","https://housing.com/in/buy/resale/synthetic/synth-00076","Synthetic","11"
"2.5","2060","Thrissur","91.66","Chalakudy","4.45k/sq.ft","Ready to move","2.5 BHK Independent House in Chalakudy, Thrissur","https://housing.com/in/buy/resale/synthetic/synth-00077","Synthetic","11"
"3.5","2770","Thrissur","178.26","Kuttanellur","6.44k/sq.ft","28th Feb, 2027","3.5 BHK Independent House in Kuttanellur, Thrissur","https://housing.com/in/buy/resale/synthetic/synth-00078","Synthetic","11"
"2","1110","Thrissur","33.82","Sringapuram, Kodungallur","3.05k/sq.ft","1st Dec, 2026","2 BHK Independent House in Sringapuram, Kodungallur, Thrissur","https://housing.com/in/buy/resale/synthetic/synth-00079","Synthetic","11"
"4","1530","Thrissur","145.64","Chembukkav","9.52k/sq.ft","28th Feb, 2027","4 BHK Independent House in Chembukkav, Thrissur","https://housing.com/in/buy/resale/synthetic/synth-00080","Synthetic","11"
"3","1430","Thrissur","52.47","Kizhakambalam","3.67k/sq.ft","1st Mar, 2027","3 BHK Independent House in Kizhakambalam, Thrissur","https://housing.com/in/buy/resale/synthetic/synth-00081","Synthetic","12"
"1.5","1790","Thrissur","80.53","Triprayar","4.50k/sq.ft","Ready to move","1.5 BHK Independent House in Triprayar, Thrissur","https://housing.com/in/buy/resale/synthetic/synth-00082","Synthetic","12"
"2","1240","Thrissur","34.26","Koorkenchery","2.76k/sq.ft","1st Apr, 2027","2 BHK Independent House in Koorkenchery, Thrissur","https://housing.com/in/buy/resale/synthetic/synth-00083","Synthetic","12"
"4.5","2590","Thrissur","133.09","Cheroor","5.14k/sq.ft","Ready to move","4.5 BHK Independent House in Cheroor, Thrissur","https://housing.com/in/buy/resale/synthetic/synth-00084","Synthetic","12"
"4","2720","Thrissur","147.41","Kottekkad, Kuttoor","5.42k/sq.ft","1st Aug, 2027","4 BHK Independent House in Kottekkad, Kuttoor, Thrissur","https://housing.com/in/buy/resale/synthetic/synth-00085","Synthetic","12"
"3.5","2060","Thrissur","88.58","West Nada","4.30k/sq.ft","Ready to move","3.5 BHK Independent House in West Nada, Thrissur","https://housing.com/in/buy/resale/synthetic/synth-00086","Synthetic","12"
"3","2710","Thrissur","79.26","Irinjalakuda","2.92k/sq.ft","1st Aug, 2027","3 BHK Independent House in Irinjalakuda, Thrissur","https://housing.com/in/buy/resale/synthetic/synth-00087","Synthetic","12"
"3","1580","Thrissur","88.65","Engandiyoor","5.61k/sq.ft","1st Sep, 2026","3 BHK Independent House in Engandiyoor, Thrissur","https://housing.com/in/buy/resale/synthetic/synth-00088","Synthetic","12"
"3","2810","Thrissur","123.56","Kechery","4.40k/sq.ft","1st Sep, 2026","3 BHK Independent House in Kechery, Thrissur","https://housing.com/in/buy/resale/synthetic/synth-00089","Synthetic","12"
"3.5","2270","Thrissur","115.01","Kottekkad, Kuttoor","5.07k/sq.ft","Ready to move","3.5 BHK Independent House in Kottekkad, Kuttoor, Thrissur","https://housing.com/in/buy/resale/synthetic/synth-00090","Synthetic","12"
"4","1700","Thrissur","34.95","Guruvayur","2.06k/sq.ft","Ready to move","4 BHK Independent House in Guruvayur, Thrissur","https://housing.com/in/buy/resale/synthetic/synth-00091","Synthetic","12"
"4.5","3170","Thrissur","284.91","Chembukkav","8.99k/sq.ft","1st May, 2027","4.5 BHK Independent House in Chembukkav, Thrissur","https://housing.com/in/buy/resale/synthetic/synth-00092","Synthetic","12"
"4","1950","Thrissur","75.24","Mannuthy","3.86k/sq.ft","1st Feb, 2027","4 BHK Independent House in Mannuthy, Thrissur","https://housing.com/in/buy/resale/synthetic/synth-00093","Synthetic","12"
"3.5","2220","Thrissur","81.77","Mannuthy","3.68k/sq.ft","Ready to move","3.5 BHK Independent House in Mannuthy, Thrissur","https://housing.com/in/buy/resale/synthetic/synth-00094","Synthetic","12"
"4.5","3840","Thrissur","239.87","Kuttanellur","6.25k/sq.ft","Ready to move","4.5 BHK Independent House in Kuttanellur, Thrissur","https://housing.com/in/buy/resale/synthetic/synth-00095","Synthetic","12"
"1","1270","Thrissur","34.99","Ayyanthole","2.76k/sq.ft","1st Oct, 2026","1 BHK Independent House in Ayyanthole, Thrissur","https://housing.com/in/buy/resale/synthetic/synth-00096","Synthetic","12"
"4","2350","Thrissur","11.75","Amalanagar","500.00/sq.ft","Ready to move","4 BHK Independent House in Amalanagar, Thrissur","https://housing.com/in/buy/resale/synthetic/synth-00097","Synthetic","12"
"3.5","2330","Thrissur","71.9","Ayyanthole","3.09k/sq.ft","Ready to move","3.5 BHK Independent House in Ayyanthole, Thrissur","https://housing.com/in/buy/resale/synthetic/synth-00098","Synthetic","12"
"2.5","1240","Thrissur","79.16","Thiruvilwamala","6.38k/sq.ft","1st Jun, 2027","2.5 BHK Independent House in Thiruvilwamala, Thrissur","https://housing.com/in/buy/resale/synthetic/synth-00099","Synthetic","12"
"4.5","4910","Thrissur","402.53","Kuttanellur","8.20k/sq.ft","Ready to move","4.5 BHK Independent House in Kuttanellur, Thrissur","https://housing.com/in/buy/resale/synthetic/synth-00100","Synthetic","12"
"3","980","Thrissur","4.9","Guruvayur","500.00/sq.ft","Ready to move","3 BHK Independent House in Guruvayur, Thrissur","https://housing.com/in/buy/resale/synthetic/synth-00101","Synthetic","13"
"3.5","1710","Thrissur","127.14","Chelakkara","7.44k/sq.ft","1st Oct, 2026","3.5 BHK Independent House in Chelakkara, Thrissur","https://housing.com/in/buy/resale/synthetic/synth-00102","Synthetic","13"
"2.5","1930","Thrissur","81.29","Kunnamkulam Town","4.21k/sq.ft","31st Mar, 2027","2.5 BHK Independent House in Kunnamkulam Town, Thrissur","https://housing.com/in/buy/resale/synthetic/synth-00103","Synthetic","13"
"5","4050","Thrissur","101.87","Pottore, Killannur","2.52k/sq.ft","Ready to move","5 BHK Independent House in Pottore, Killannur, Thrissur","https://housing.com/in/buy/resale/synthetic/synth-00104","Synthetic","13"
"3.5","2310","Thrissur","94.61","Kunnamkulam Town","4.10k/sq.ft","31st Mar, 2027","3.5 BHK Independent House in Kunnamkulam Town, Thrissur","https://housing.com/in/buy/resale/synthetic/synth-00105","Synthetic","13"
"4","2790","Thrissur","140.46","Kottappuram","5.03k/sq.ft","31st Mar, 2027","4 BHK Independent House in Kottappuram, Thrissur","https://housing.com/in/buy/resale/synthetic/synth-00106","Synthetic","13"
"3","2070","Thrissur","88.32","Kunnamkulam","4.27k/sq.ft","1st Mar, 2027","3 BHK Independent House in Kunnamkulam, Thrissur","https://housing.com/in/buy/resale/synthetic/synth-00107","Synthetic","13"
"3","980","Thrissur","37.39","Annamanada","3.82k/sq.ft","Ready to move","3 BHK Independent House in Annamanada, Thrissur","https://housing.com/in/buy/resale/synthetic/synth-00108","Synthetic","13"
"2","2210","Thrissur","128.01","Kuzhur","5.79k/sq.ft","1st Jun, 2027","2 BHK Independent House in Kuzhur, Thrissur","https://housing.com/in/buy/resale/synthetic/synth-00109","Synthetic","13"
"2.5","850","Thrissur","101.43","Chettupuzha","11.93k/sq.ft","1st Oct, 2026","2.5 BHK Independent House in Chettupuzha, Thrissur","https://housing.com/in/buy/resale/synthetic/synth-00110","Synthetic","13"
"3.5","3390","Thrissur","62.77","Guruvayur","1.85k/sq.ft","Ready to move","3.5 BHK Independent House in Guruvayur, Thrissur","https://housing.com/in/buy/resale/synthetic/synth-00111","Synthetic","13"
"3.5","1930","Thrissur","71.01","Ayyanthole","3.68k/sq.ft","1st Sep, 2026","3.5 BHK Independent House in Ayyanthole, Thrissur","https://housing.com/in/buy/resale/synthetic/synth-00112","Synthetic","13"
"1.5","1100","Thrissur","41.06","Puranattukara","3.73k/sq.ft","1st Oct, 2026","1.5 BHK Independent House in Puranattukara, Thrissur","https://housing.com/in/buy/resale/synthetic/synth-00113","Synthetic","13"
"3","2330","Thrissur","97.01","Muthuvattoor","4.16k/sq.ft","1st Feb, 2027","3 BHK Independent House in Muthuvattoor, Thrissur","https://housing.com/in/buy/resale/synthetic/synth-00114","Synthetic","13"
"2.5","830","Thrissur","37.6","Maruthayoor","4.53k/sq.ft","Ready to move","2.5 BHK Independent House in Maruthayoor, Thrissur","https://housing.com/in/buy/resale/synthetic/synth-00115","Synthetic","13"
"3","1910","Thrissur","60.18","Killannur","3.15k/sq.ft","Ready to move","3 BHK Independent House in Killannur, Thrissur","https://housing.com/in/buy/resale/synthetic/synth-00116","Synthetic","13"
"4","2510","Thrissur","105.84","Kottekkad, Kuttoor","4.22k/sq.ft","Ready to move","4 BHK Independent House in Kottekkad, Kuttoor, Thrissur","https://housing.com/in/buy/resale/synthetic/synth-00117","Synthetic","13"
"2.5","300","Thrissur","5.46","Chalakudy","1.82k/sq.ft","Ready to move","2.5 BHK Independent House in Chalakudy, Thrissur","https://housing.com/in/buy/resale/synthetic/synth-00118","Synthetic","13"
"3.5","2050","Thrissur","126.81","Punkunnam","6.19k/sq.ft","Ready to move","3.5 BHK Independent House in Punkunnam, Thrissur","https://housing.com/in/buy/resale/synthetic/synth-00119","Synthetic","13"
"2","1450","Thrissur","59.29","Maruthayoor","4.09k/sq.ft","Ready to move","2 BHK Independent House in Maruthayoor, Thrissur","https://housing.com/in/buy/resale/synthetic/synth-00120","Synthetic","13"
"2.5","920","Thrissur","44.0","Mathilakam","4.78k/sq.ft","1st May, 2027","2.5 BHK Independent House in Mathilakam, Thrissur","https://housing.com/in/buy/resale/synthetic/synth-00121","Synthetic","14"
"3","2650","Thrissur","288.53","Chembukkav","10.89k/sq.ft","1st Feb, 2027","3 BHK Independent House in Chembukkav, Thrissur","https://housing.com/in/buy/resale/synthetic/synth-00122","Synthetic","14"
"3.5","1990","Thrissur","94.81","Wadakkanchery","4.76k/sq.ft","1st Jun, 2027","3.5 BHK Independent House in Wadakkanchery, Thrissur","https://housing.com/in/buy/resale/synthetic/synth-00123","Synthetic","14"
"4.5","2400","Thrissur","85.23","Mannuthy","3.55k/sq.ft","Ready to move","4.5 BHK Independent House in Mannuthy, Thrissur","https://housing.com/in/buy/resale/synthetic/synth-00124","Synthetic","14"
"5","1540","Thrissur","62.63","Jyothi Nagar","4.07k/sq.ft","Ready to move","5 BHK Independent House in Jyothi Nagar, Thrissur","https://housing.com/in/buy/resale/synthetic/synth-00125","Synthetic","14"
"2.5","1770","Thrissur","61.4","Varadiyam","3.47k/sq.ft","Ready to move","2.5 BHK Independent House in Varadiyam, Thrissur","https://housing.com/in/buy/resale/synthetic/synth-00126","Synthetic","14"
"3","2000","Thrissur","98.24","Cheroor","4.91k/sq.ft","28th Feb, 2027","3 BHK Independent House in Cheroor, Thrissur","https://housing.com/in/buy/resale/synthetic/synth-00127","Synthetic","14"
"3.5","3600","Thrissur","182.01","Koorkenchery","5.06k/sq.ft","Ready to move","3.5 BHK Independent House in Koorkenchery, Thrissur","https://housing.com/in/buy/resale/synthetic/synth-00128","Synthetic","14"
"3","1910","Thrissur","84.31","East Nada","4.41k/sq.ft","Ready to move","3 BHK Independent House in East Nada, Thrissur","https://housing.com/in/buy/resale/synthetic/synth-00129","Synthetic","14"
"3","870","Thrissur","22.02","Koorkenchery","2.53k/sq.ft","28th Feb, 2027","3 BHK Independent House in Koorkenchery, Thrissur","https://housing.com/in/buy/resale/synthetic/synth-00130","Synthetic","14"
"3","1840","Thrissur","78.97","Pallikkulam","4.29k/sq.ft","28th Feb, 2027","3 BHK Independent House in Pallikkulam, Thrissur","https://housing.com/in/buy/resale/synthetic/synth-00131","Synthetic","14"
"2.5","1740","Thrissur","77.97","Kalathode","4.48k/sq.ft","Ready to move","2.5 BHK Independent House in Kalathode, Thrissur","https://housing.com/in/buy/resale/synthetic/synth-00132","Synthetic","14"
"2.5","1660","Thrissur","118.46","Ollur","7.14k/sq.ft","1st May, 2027","2.5 BHK Independent House in Ollur, Thrissur","https://housing.com/in/buy/resale/synthetic/synth-00133","Synthetic","14"
"6","2630","Thrissur","89.02","Kuriachira","3.38k/sq.ft","1st Mar, 2027","6 BHK Independent House in Kuriachira, Thrissur","https://housing.com/in/buy/resale/synthetic/synth-00134","Synthetic","14"
"1","2220","Thrissur","64.71","Chalakudy","2.92k/sq.ft","1st Jan, 2027","1 BHK Independent House in Chalakudy, Thrissur","https://housing.com/in/buy/resale/synthetic/synth-00135","Synthetic","14"
"3","2640","Thrissur","158.65","Guruvayur","6.01k/sq.ft","1st May, 2027","3 BHK Independent House in Guruvayur, Thrissur","https://housing.com/in/buy/resale/synthetic/synth-00136","Synthetic","14"
"2.5","3110","Thrissur","116.98","Pavaratty Town","3.76k/sq.ft","Ready to move","2.5 BHK Independent House in Pavaratty Town, Thrissur","https://housing.com/in/buy/resale/synthetic/synth-00137","Synthetic","14"
"4","1690","Thrissur","58.14","Mannuthy","3.44k/sq.ft","Ready to move","4 BHK Independent House in Mannuthy, Thrissur","https://housing.com/in/buy/resale/synthetic/synth-00138","Synthetic","14"
"2.5","2010","Thrissur","64.58","Pandikkavu, Viyyoor","3.21k/sq.ft","Ready to move","2.5 BHK Independent House in Pandikkavu, Viyyoor, Thrissur","https://housing.com/in/buy/resale/synthetic/synth-00139","Synthetic","14"
"2.5","3560","Thrissur","148.46","Guruvayur","4.17k/sq.ft","1st Aug, 2027","2.5 BHK Independent House in Guruvayur, Thrissur","https://housing.com/in/buy/resale/synthetic/synth-00140","Synthetic","14"
"3","2860","Thrissur","98.31","Kuriachira","3.44k/sq.ft","1st Apr, 2027","3 BHK Independent House in Kuriachira, Thrissur","https://housing.com/in/buy/resale/synthetic/synth-00141","Synthetic","15"
"3","2690","Thrissur","159.93","Chiyyaram","5.95k/sq.ft","1st Mar, 2027","3 BHK Independent House in Chiyyaram, Thrissur","https://housing.com/in/buy/resale/synthetic/synth-00142","Synthetic","15"
"3","1760","Thrissur","63.16","Kumaranellur","3.59k/sq.ft","1st Jan, 2027","3 BHK Independent House in Kumaranellur, Thrissur","https://housing.com/in/buy/resale/synthetic/synth-00143","Synthetic","15"
"3.5","1990","Thrissur","89.23","Poochatty","4.48k/sq.ft","Ready to move","3.5 BHK Independent House in Poochatty, Thrissur","https://housing.com/in/buy/resale/synthetic/synth-00144","Synthetic","15"
"2.5","1240","Thrissur","49.56","Nedupurha","4.00k/sq.ft","1st Aug, 2027","2.5 BHK Independent House in Nedupurha, Thrissur","https://housing.com/in/buy/resale/synthetic/synth-00145","Synthetic","15"
"3.5","2170","Thrissur","88.94","Pavaratty","4.10k/sq.ft","1st Apr, 2027","3.5 BHK Independent House in Pavaratty, Thrissur","https://housing.com/in/buy/resale/synthetic/synth-00146","Synthetic","15"
"3","1490","Thrissur","66.09","Nedupurha","4.44k/sq.ft","15th Jan, 2027","3 BHK Independent House in Nedupurha, Thrissur","https://housing.com/in/buy/resale/synthetic/synth-00147","Synthetic","15"
"5","3350","Thrissur","172.05","Chembukkav","5.14k/sq.ft","1st Mar, 2027","5 BHK Independent House in Chembukkav, Thrissur","https://housing.com/in/buy/resale/synthetic/synth-00148","Synthetic","15"
"3.5","3130","Thrissur","21.94","Nellikunnu","701.00/sq.ft","Ready to move","3.5 BHK Independent House in Nellikunnu, Thrissur","https://housing.com/in/buy/resale/synthetic/synth-00149","Synthetic","15"
"2.5","1330","Thrissur","48.95","Nedupurha","3.68k/sq.ft","1st Dec, 2026","2.5 BHK Independent House in Nedupurha, Thrissur","https://housing.com/in/buy/resale/synthetic/synth-00150","Synthetic","15"
"3.5","2510","Thrissur","73.6","Nellikunnu","2.93k/sq.ft","28th Feb, 2027","3.5 BHK Independent House in Nellikunnu, Thrissur","https://housing.com/in/buy/resale/synthetic/synth-00151","Synthetic","15"
"4","1300","Thrissur","42.77","Keltron Nagar, Kolazhy","3.29k/sq.ft","31st Mar, 2027","4 BHK Independent House in Keltron Nagar, Kolazhy, Thrissur","https://housing.com/in/buy/resale/synthetic/synth-00152","Synthetic","15"
"4.5","2640","Thrissur","103.36","Chalakudy","3.92k/sq.ft","Ready to move","4.5 BHK Independent House in Chalakudy, Thrissur","https://housing.com/in/buy/resale/synthetic/synth-00153","Synthetic","15"
"2.5","1060","Thrissur","42.77","Nedupurha","4.03k/sq.ft","1st Aug, 2027","2.5 BHK Independent House in Nedupurha, Thrissur","https://housing.com/in/buy/resale/synthetic/synth-00154","Synthetic","15"
"4.5","1780","Thrissur","99.28","Kolazhy","5.58k/sq.ft","Ready to move","4.5 BHK Independent House in Kolazhy, Thrissur","https://housing.com/in/buy/resale/synthetic/synth-00155","Synthetic","15"
"4","7850","Thrissur","470.29","Aranattukara","5.99k/sq.ft","1st Nov, 2026","4 BHK Independent House in Aranattukara, Thrissur","https://housing.com/in/buy/resale/synthetic/synth-00156","Synthetic","15"
"4","2010","Thrissur","102.4","Thirumarady","5.09k/sq.ft","1st Mar, 2027","4 BHK Independent House in Thirumarady, Thrissur","https://housing.com/in/buy/resale/synthetic/synth-00157","Synthetic","15"
"4.5","1410","Thrissur","39.47","Pandikkavu, Viyyoor","2.80k/sq.ft","1st Feb, 2027","4.5 BHK Independent House in Pandikkavu, Viyyoor, Thrissur","https://housing.com/in/buy/resale/synthetic/synth-00158","Synthetic","15"
"4","2820","Thrissur","211.21","West Fort, Ayyanthole","7.49k/sq.ft","Ready to move","4 BHK Independent House in West Fort, Ayyanthole, Thrissur","https://housing.com/in/buy/resale/synthetic/synth-00159","Synthetic","15"
"4.5","2370","Thrissur","159.93","Chembukkav","6.75k/sq.ft","1st Dec, 2026","4.5 BHK Independent House in Chembukkav, Thrissur","https://housing.com/in/buy/resale/synthetic/synth-00160","Synthetic","15"
"2","2570","Thrissur","102.09","Kechery","3.97k/sq.ft","Ready to move","2 BHK Independent House in Kechery, Thrissur","https://housing.com/in/buy/resale/synthetic/synth-00161","Synthetic","16"
"3","1300","Thrissur","98.45","Chelakkara","7.57k/sq.ft","1st Jun, 2027","3 BHK Independent House in Chelakkara, Thrissur","https://housing.com/in/buy/resale/synthetic/synth-00162","Synthetic","16"
"3","3220","Thrissur","163.46","Muppathadam","5.08k/sq.ft","1st Jan, 2027","3 BHK Independent House in Muppathadam, Thrissur","https://housing.com/in/buy/resale/synthetic/synth-00163","Synthetic","16"
"2.5","1870","Thrissur","72.52","North Nada","3.88k/sq.ft","15th Jan, 2027","2.5 BHK Independent House in North Nada, Thrissur","https://housing.com/in/buy/resale/synthetic/synth-00164","Synthetic","16"
"4.5","2140","Thrissur","78.69","Mannuthy","3.68k/sq.ft","Ready to move","4.5 BHK Independent House in Mannuthy, Thrissur","https://housing.com/in/buy/resale/synthetic/synth-00165","Synthetic","16"
"3.5","3440","Thrissur","279.52","Patturaikkal","8.13k/sq.ft","Ready to move","3.5 BHK Independent House in Patturaikkal, Thrissur","https://housing.com/in/buy/resale/synthetic/synth-00166","Synthetic","16"
"2.5","1850","Thrissur","77.73","Mathilakam","4.20k/sq.ft","15th Jan, 2027","2.5 BHK Independent House in Mathilakam, Thrissur","https://housing.com/in/buy/resale/synthetic/synth-00167","Synthetic","16"
"4","3660","Thrissur","281.42","Patturaikkal","7.69k/sq.ft","1st Nov, 2026","4 BHK Independent House in Patturaikkal, Thrissur","https://housing.com/in/buy/resale/synthetic/synth-00168","Synthetic","16"
"3","2020","Thrissur","89.26","Chavakkad Town","4.42k/sq.ft","1st Feb, 2027","3 BHK Independent House in Chavakkad Town, Thrissur","https://housing.com/in/buy/resale/synthetic/synth-00169","Synthetic","16"
"2.5","1370","Thrissur","32.95","Guruvayur","2.41k/sq.ft","1st Dec, 2026","2.5 BHK Independent House in Guruvayur, Thrissur","https://housing.com/in/buy/resale/synthetic/synth-00170","Synthetic","16"
"3.5","1020","Thrissur","66.17","Punkunnam","6.49k/sq.ft","Ready to move","3.5 BHK Independent House in Punkunnam, Thrissur","https://housing.com/in/buy/resale/synthetic/synth-00171","Synthetic","16"
"1.5","1380","Thrissur","41.18","Kolazhy","2.98k/sq.ft","1st Jul, 2027","1.5 BHK Independent House in Kolazhy, Thrissur","https://housing.com/in/buy/resale/synthetic/synth-00172","Synthetic","16"
"5","1640","Thrissur","58.21","Nellikunnu","3.55k/sq.ft","1st Sep, 2026","5 BHK Independent House in Nellikunnu, Thrissur","https://housing.com/in/buy/resale/synthetic/synth-00173","Synthetic","16"
"3.5","1820","Thrissur","79.85","Mannuthy","4.39k/sq.ft","1st Oct, 2026","3.5 BHK Independent House in Mannuthy, Thrissur","https://housing.com/in/buy/resale/synthetic/synth-00174","Synthetic","16"
"3","1870","Thrissur","88.41","Palayoor","4.73k/sq.ft","1st Jun, 2027","3 BHK Independent House in Palayoor, Thrissur","https://housing.com/in/buy/resale/synthetic/synth-00175","Synthetic","16"
"3","1040","Thrissur","52.21","Vadookara","5.02k/sq.ft","15th Jan, 2027","3 BHK Independent House in Vadookara, Thrissur","https://housing.com/in/buy/resale/synthetic/synth-00176","Synthetic","16"
"2","1970","Thrissur","128.88","Amalanagar","6.54k/sq.ft","1st May, 2027","2 BHK Independent House in Amalanagar, Thrissur","https://housing.com/in/buy/resale/synthetic/synth-00177","Synthetic","16"
"4.5","2470","Thrissur","113.16","Kuttoor","4.58k/sq.ft","Ready to move","4.5 BHK Independent House in Kuttoor, Thrissur","https://housing.com/in/buy/resale/synthetic/synth-00178","Synthetic","16"
"3.5","3090","Thrissur","143.36","Kottekkad, Kuttoor","4.64k/sq.ft","15th Jan, 2027","3.5 BHK Independent House in Kottekkad, Kuttoor, Thrissur","https://housing.com/in/buy/resale/synthetic/synth-00179","Synthetic","16"
"3","3340","Thrissur","95.58","Triprayar","2.86k/sq.ft","1st Sep, 2026","3 BHK Independent House in Triprayar, Thrissur","https://housing.com/in/buy/resale/synthetic/synth-00180","Synthetic","16"
"3.5","4240","Thrissur","245.85","Guruvayur","5.80k/sq.ft","Ready to move","3.5 BHK Independent House in Guruvayur, Thrissur","https://housing.com/in/buy/resale/synthetic/synth-00181","Synthetic","17"
"4","1420","Thrissur","106.82","Nattika","7.52k/sq.ft","1st Nov, 2026","4 BHK Independent House in Nattika, Thrissur","https://housing.com/in/buy/resale/synthetic/synth-00182","Synthetic","17"
"3","2220","Thrissur","69.66","Guruvayur","3.14k/sq.ft","1st Apr, 2027","3 BHK Independent House in Guruvayur, Thrissur","https://housing.com/in/buy/resale/synthetic/synth-00183","Synthetic","17"
"3","680","Thrissur","23.75","Chiyyaram","3.49k/sq.ft","28th Feb, 2027","3 BHK Independent House in Chiyyaram, Thrissur","https://housing.com/in/buy/resale/synthetic/synth-00184","Synthetic","17"
"2","1320","Thrissur","47.62","Puthurkkara","3.61k/sq.ft","15th Jan, 2027","2 BHK Independent House in Puthurkkara, Thrissur","https://housing.com/in/buy/resale/synthetic/synth-00185","Synthetic","17"
"5","1950","Thrissur","79.83","Kottekkad, Attore","4.09k/sq.ft","15th Jan, 2027","5 BHK Independent House in Kottekkad, Attore, Thrissur","https://housing.com/in/buy/resale/synthetic/synth-00186","Synthetic","17"
"3","1430","Thrissur","58.06","Muringoor","4.06k/sq.ft","28th Feb, 2027","3 BHK Independent House in Muringoor, Thrissur","https://housing.com/in/buy/resale/synthetic/synth-00187","Synthetic","17"
"4","4500","Thrissur","203.69","Paravattani","4.53k/sq.ft","1st Feb, 2027","4 BHK Independent House in Paravattani, Thrissur","https://housing.com/in/buy/resale/synthetic/synth-00188","Synthetic","17"
"3","1980","Thrissur","79.54","Kottapadi","4.02k/sq.ft","1st Jan, 2027","3 BHK Independent House in Kottapadi, Thrissur","https://housing.com/in/buy/resale/synthetic/synth-00189","Synthetic","17"
"5","8240","Thrissur","533.61","Aranattukara","6.48k/sq.ft","1st Jan, 2027","5 BHK Independent House in Aranattukara, Thrissur","https://housing.com/in/buy/resale/synthetic/synth-00190","Synthetic","17"
"3.5","2770","Thrissur","109.37","Pavaratty Town","3.95k/sq.ft","1st Feb, 2027","3.5 BHK Independent House in Pavaratty Town, Thrissur","https://housing.com/in/buy/resale/synthetic/synth-00191","Synthetic","17"
"3","1960","Thrissur","64.78","Pavaratty Town","3.31k/sq.ft","31st Mar, 2027","3 BHK Independent House in Pavaratty Town, Thrissur","https://housing.com/in/buy/resale/synthetic/synth-00192","Synthetic","17"
"2.5","1610","Thrissur","63.16","Guruvayur","3.92k/sq.ft","Ready to move","2.5 BHK Independent House in Guruvayur, Thrissur","https://housing.com/in/buy/resale/synthetic/synth-00193","Synthetic","17"
"2","2440","Thrissur","90.28","Kunnamkulam Town","3.70k/sq.ft","Ready to move","2 BHK Independent House in Kunnamkulam Town, Thrissur","https://housing.com/in/buy/resale/synthetic/synth-00194","Synthetic","17"
"2.5","2000","Thrissur","92.07","Pallikkulam","4.60k/sq.ft","1st May, 2027","2.5 BHK Independent House in Pallikkulam, Thrissur","https://housing.com/in/buy/resale/synthetic/synth-00195","Synthetic","17"
"4","1840","Thrissur","78.53","Mannuthy","4.27k/sq.ft","Ready to move","4 BHK Independent House in Mannuthy, Thrissur","https://housing.com/in/buy/resale/synthetic/synth-00196","Synthetic","17"
"4.5","3600","Thrissur","273.06","Patturaikkal","7.59k/sq.ft","1st Dec, 2026","4.5 BHK Independent House in Patturaikkal, Thrissur","https://housing.com/in/buy/resale/synthetic/synth-00197","Synthetic","17"
"4","3850","Thrissur","364.64","Patturaikkal","9.47k/sq.ft","Ready to move","4 BHK Independent House in Patturaikkal, Thrissur","https://housing.com/in/buy/resale/synthetic/synth-00198","Synthetic","17"
"4","2160","Thrissur","63.84","Ayyanthole","2.96k/sq.ft","Ready to move","4 BHK Independent House in Ayyanthole, Thrissur","https://housing.com/in/buy/resale/synthetic/synth-00199","Synthetic","17"
"4","2190","Thrissur","25.44","Ollur","1.16k/sq.ft","1st Feb, 2027","4 BHK Independent House in Ollur, Thrissur","https://housing.com/in/buy/resale/synthetic/synth-00200","Synthetic","17"
"1","300","Thrissur","3.0","Minalur","825.00/sq.ft","1st Mar, 2027","1 BHK Independent House in Minalur, Thrissur","https://housing.com/in/buy/resale/synthetic/synth-00201","Synthetic","18"
"4.5","2480","Thrissur","141.11","Cherpu","5.69k/sq.ft","1st Feb, 2027","4.5 BHK Independent House in Cherpu, Thrissur","https://housing.com/in/buy/resale/synthetic/synth-00202","Synthetic","18"
"2.5","2840","Thrissur","127.73","Thiruvilwamala Town","4.50k/sq.ft","1st Jan, 2027","2.5 BHK Independent House in Thiruvilwamala Town, Thrissur","https://housing.com/in/buy/resale/synthetic/synth-00203","Synthetic","18"
"1","1640","Thrissur","77.67","Puranattukara","4.74k/sq.ft","1st Jun, 2027","1 BHK Independent House in Puranattukara, Thrissur","https://housing.com/in/buy/resale/synthetic/synth-00204","Synthetic","18"
"4","1990","Thrissur","94.22","Mannuthy","4.73k/sq.ft","1st Apr, 2027","4 BHK Independent House in Mannuthy, Thrissur","https://housing.com/in/buy/resale/synthetic/synth-00205","Synthetic","18"
"4","2130","Thrissur","31.99","Guruvayur","1.50k/sq.ft","Ready to move","4 BHK Independent House in Guruvayur, Thrissur","https://housing.com/in/buy/resale/synthetic/synth-00206","Synthetic","18"
"3","1930","Thrissur","54.5","Killannur","2.82k/sq.ft","1st Oct, 2026","3 BHK Independent House in Killannur, Thrissur","https://housing.com/in/buy/resale/synthetic/synth-00207","Synthetic","18"
"4","3160","Thrissur","232.51","West Fort, Ayyanthole","7.36k/sq.ft","1st Feb, 2027","4 BHK Independent House in West Fort, Ayyanthole, Thrissur","https://housing.com/in/buy/resale/synthetic/synth-00208","Synthetic","18"
"4","2500","Thrissur","179.48","Irinjalakuda","7.18k/sq.ft","1st Jul, 2027","4 BHK Independent House in Irinjalakuda, Thrissur","https://housing.com/in/buy/resale/synthetic/synth-00209","Synthetic","18"
"3.5","1980","Thrissur","88.35","Chalakudy Municipal Central Market, Chalakudy","4.46k/sq.ft","Ready to move","3.5 BHK Independent House in Chalakudy Municipal Central Market, Chalakudy, Thrissur","https://housing.com/in/buy/resale/synthetic/synth-00210","Synthetic","18"
"3","2080","Thrissur","78.38","North Nada","3.77k/sq.ft","1st Apr, 2027","3 BHK Independent House in North Nada, Thrissur","https://housing.com/in/buy/resale/synthetic/synth-00211","Synthetic","18"
"3","2380","Thrissur","133.73","Pandikkavu, Viyyoor","5.62k/sq.ft","1st Jul, 2027","3 BHK Independent House in Pandikkavu, Viyyoor, Thrissur","https://housing.com/in/buy/resale/synthetic/synth-00212","Synthetic","18"
"4","4730","Thrissur","253.48","Kuttanellur","5.36k/sq.ft","31st Mar, 2027","4 BHK Independent House in Kuttanellur, Thrissur","https://housing.com/in/buy/resale/synthetic/synth-00213","Synthetic","18"
"3","3540","Thrissur","180.55","Pandikkavu, Viyyoor","5.10k/sq.ft","Ready to move","3 BHK Independent House in Pandikkavu, Viyyoor, Thrissur","https://housing.com/in/buy/resale/synthetic/synth-00214","Synthetic","18"
"3.5","1680","Thrissur","55.59","Puthurkkara","3.31k/sq.ft","1st Oct, 2026","3.5 BHK Independent House in Puthurkkara, Thrissur","https://housing.com/in/buy/resale/synthetic/synth-00215","Synthetic","18"
"4.5","1280","Thrissur","72.78","Kolazhy","5.69k/sq.ft","1st Jun, 2027","4.5 BHK Independent House in Kolazhy, Thrissur","https://housing.com/in/buy/resale/synthetic/synth-00216","Synthetic","18"
"3","4170","Thrissur","223.23","Amalanagar","5.35k/sq.ft","1st Nov, 2026","3 BHK Independent House in Amalanagar, Thrissur","https://housing.com/in/buy/resale/synthetic/synth-00217","Synthetic","18"
"3","2210","Thrissur","97.97","Kunnamkulam","4.43k/sq.ft","Ready to move","3 BHK Independent House in Kunnamkulam, Thrissur","https://housing.com/in/buy/resale/synthetic/synth-00218","Synthetic","18"
"3.5","1610","Thrissur","69.11","Mathilakam","4.29k/sq.ft","Ready to move","3.5 BHK Independent House in Mathilakam, Thrissur","https://housing.com/in/buy/resale/synthetic/synth-00219","Synthetic","18"
"4.5","3050","Thrissur","164.05","Kottappuram","5.38k/sq.ft","Ready to move","4.5 BHK Independent House in Kottappuram, Thrissur","https://housing.com/in/buy/resale/synthetic/synth-00220","Synthetic","18"
"4","1840","Thrissur","17.16","Guruvayur","933.00/sq.ft","1st May, 2027","4 BHK Independent House in Guruvayur, Thrissur","https://housing.com/in/buy/resale/synthetic/synth-00221","Synthetic","19"
"4","2630","Thrissur","99.84","Manathala, Chavakkad","3.80k/sq.ft","Ready to move","4 BHK Independent House in Manathala, Chavakkad, Thrissur","https://housing.com/in/buy/resale/synthetic/synth-00222","Synthetic","19"
"1.5","1640","Thrissur","59.54","Mukkattukara","3.63k/sq.ft","Ready to move","1.5 BHK Independent House in Mukkattukara, Thrissur","https://housing.com/in/buy/resale/synthetic/synth-00223","Synthetic","19"
"4","4250","Thrissur","291.26","Kuttanellur","6.85k/sq.ft","1st Mar, 2027","4 BHK Independent House in Kuttanellur, Thrissur","https://housing.com/in/buy/resale/synthetic/synth-00224","Synthetic","19"
"3.5","2140","Thrissur","97.51","Kottapadi","4.56k/sq.ft","1st May, 2027","3.5 BHK Independent House in Kottapadi, Thrissur","https://housing.com/in/buy/resale/synthetic/synth-00225","Synthetic","19"
"3","2200","Thrissur","97.68","East Nada","4.44k/sq.ft","Ready to move","3 BHK Independent House in East Nada, Thrissur","https://housing.com/in/buy/resale/synthetic/synth-00226","Synthetic","19"
"3","2100","Thrissur","86.43","East Nada","4.12k/sq.ft","Ready to move","3 BHK Independent House in East Nada, Thrissur","https://housing.com/in/buy/resale/synthetic/synth-00227","Synthetic","19"
"2.5","1800","Thrissur","55.48","Killannur","3.08k/sq.ft","1st Dec, 2026","2.5 BHK Independent House in Killannur, Thrissur","https://housing.com/in/buy/resale/synthetic/synth-00228","Synthetic","19"
"3.5","2800","Thrissur","117.29","Mannuthy","4.19k/sq.ft","1st Dec, 2026","3.5 BHK Independent House in Mannuthy, Thrissur","https://housing.com/in/buy/resale/synthetic/synth-00229","Synthetic","19"
"3","1560","Thrissur","52.14","Kolazhy","3.34k/sq.ft","Ready to move","3 BHK Independent House in Kolazhy, Thrissur","https://housing.com/in/buy/resale/synthetic/synth-00230","Synthetic","19"
"3.5","2640","Thrissur","39.28","Guruvayur","1.49k/sq.ft","1st Nov, 2026","3.5 BHK Independent House in Guruvayur, Thrissur","https://housing.com/in/buy/resale/synthetic/synth-00231","Synthetic","19"
"4.5","2820","Thrissur","145.33","Muppathadam","5.15k/sq.ft","1st Apr, 2027","4.5 BHK Independent House in Muppathadam, Thrissur","https://housing.com/in/buy/resale/synthetic/synth-00232","Synthetic","19"
"4","1360","Thrissur","108.56","Irinjalakuda","7.98k/sq.ft","Ready to move","4 BHK Independent House in Irinjalakuda, Thrissur","https://housing.com/in/buy/resale/synthetic/synth-00233","Synthetic","19"
"2.5","1920","Thrissur","9.6","Ollur","500.00/sq.ft","Ready to move","2.5 BHK Independent House in Ollur, Thrissur","https://housing.com/in/buy/resale/synthetic/synth-00234","Synthetic","19"
"3","1830","Thrissur","63.46","Keetholi, Kodungallur","3.47k/sq.ft","Ready to move","3 BHK Independent House in Keetholi, Kodungallur, Thrissur","https://housing.com/in/buy/resale/synthetic/synth-00235","Synthetic","19"
"4","4230","Thrissur","336.19","Patturaikkal","7.95k/sq.ft","Ready to move","4 BHK Independent House in Patturaikkal, Thrissur","https://housing.com/in/buy/resale/synthetic/synth-00236","Synthetic","19"
"2.5","2470","Thrissur","127.51","Peramangalam","5.16k/sq.ft","1st Sep, 2026","2.5 BHK Independent House in Peramangalam, Thrissur","https://housing.com/in/buy/resale/synthetic/synth-00237","Synthetic","19"
"4","1370","Thrissur","56.62","Chiyyaram","4.13k/sq.ft","1st Dec, 2026","4 BHK Independent House in Chiyyaram, Thrissur","https://housing.com/in/buy/resale/synthetic/synth-00238","Synthetic","19"
"3.5","2040","Thrissur","95.96","Nadathara","4.70k/sq.ft","1st Feb, 2027","3.5 BHK Independent House in Nadathara, Thrissur","https://housing.com/in/buy/resale/synthetic/synth-00239","Synthetic","19"
"4","4550","Thrissur","194.38","Paravattani","4.27k/sq.ft","1st Feb, 2027","4 BHK Independent House in Paravattani, Thrissur","https://housing.com/in/buy/resale/synthetic/synth-00240","Synthetic","19"
"4","2130","Thrissur","82.94","Mannuthy","3.89k/sq.ft","1st Dec, 2026","4 BHK Independent House in Mannuthy, Thrissur","https://housing.com/in/buy/resale/synthetic/synth-00241","Synthetic","20"
"2.5","1700","Thrissur","61.02","Engandiyoor","3.59k/sq.ft","1st Oct, 2026","2.5 BHK Independent House in Engandiyoor, Thrissur","https://housing.com/in/buy/resale/synthetic/synth-00242","Synthetic","20"
"3","1110","Thrissur","56.4","Puthukkad","5.08k/sq.ft","1st Jul, 2027","3 BHK Independent House in Puthukkad, Thrissur","https://housing.com/in/buy/resale/synthetic/synth-00243","Synthetic","20"
"3","2260","Thrissur","90.12","Guruvayur","3.99k/sq.ft","15th Jan, 2027","3 BHK Independent House in Guruvayur, Thrissur","https://housing.com/in/buy/resale/synthetic/synth-00244","Synthetic","20"
"3.5","1890","Thrissur","32.46","Guruvayur","1.72k/sq.ft","Ready to move","3.5 BHK Independent House in Guruvayur, Thrissur","https://housing.com/in/buy/resale/synthetic/synth-00245","Synthetic","20"
"2.5","2650","Thrissur","99.74","Koorkenchery","3.76k/sq.ft","Ready to move","2.5 BHK Independent House in Koorkenchery, Thrissur","https://housing.com/in/buy/resale/synthetic/synth-00246","Synthetic","20"
"3","1890","Thrissur","86.91","Thiroor","4.60k/sq.ft","1st May, 2027","3 BHK Independent House in Thiroor, Thrissur","https://housing.com/in/buy/resale/synthetic/synth-00247","Synthetic","20"
"3","1960","Thrissur","93.09","Pallikkulam","4.75k/sq.ft","Ready to move","3 BHK Independent House in Pallikkulam, Thrissur","https://housing.com/in/buy/resale/synthetic/synth-00248","Synthetic","20"
"3.5","1530","Thrissur","52.61","Keetholi, Kodungallur","3.44k/sq.ft","1st Dec, 2026","3.5 BHK Independent House in Keetholi, Kodungallur, Thrissur","https://housing.com/in/buy/resale/synthetic/synth-00249","Synthetic","20"
"3","1880","Thrissur","22.02","Guruvayur","1.17k/sq.ft","1st Aug, 2027","3 BHK Independent House in Guruvayur, Thrissur","https://housing.com/in/buy/resale/synthetic/synth-00250","Synthetic","20"
"5","300","Thrissur","3.24","Irinjalakuda","1.08k/sq.ft","Ready to move","5 BHK Independent House in Irinjalakuda, Thrissur","https://housing.com/in/buy/resale/synthetic/synth-00251","Synthetic","20"
"3","1430","Thrissur","56.3","Chalakudy Municipal Central Market, Chalakudy","3.94k/sq.ft","1st Sep, 2026","3 BHK Independent House in Chalakudy Municipal Central Market, Chalakudy, Thrissur","https://housing.com/in/buy/resale/synthetic/synth-00252","Synthetic","20"
"1","650","Thrissur","27.72","Puranattukara","4.26k/sq.ft","1st Jan, 2027","1 BHK Independent House in Puranattukara, Thrissur","https://housing.com/in/buy/resale/synthetic/synth-00253","Synthetic","20"
"3","2690","Thrissur","111.47","Guruvayur","4.14k/sq.ft","1st Mar, 2027","3 BHK Independent House in Guruvayur, Thrissur","https://housing.com/in/buy/resale/synthetic/synth-00254","Synthetic","20"
"5","2510","Thrissur","125.64","Koorkenchery","5.01k/sq.ft","1st Dec, 2026","5 BHK Independent House in Koorkenchery, Thrissur","https://housing.com/in/buy/resale/synthetic/synth-00255","Synthetic","20"
"3","1820","Thrissur","79.26","North Nada","4.36k/sq.ft","Ready to move","3 BHK Independent House in North Nada, Thrissur","https://housing.com/in/buy/resale/synthetic/synth-00256","Synthetic","20"
"4","1850","Thrissur","81.92","Jyothi Nagar","4.43k/sq.ft","Ready to move","4 BHK Independent House in Jyothi Nagar, Thrissur","https://housing.com/in/buy/resale/synthetic/synth-00257","Synthetic","20"
"3","1060","Thrissur","53.51","Triprayar","5.05k/sq.ft","1st Jan, 2027","3 BHK Independent House in Triprayar, Thrissur","https://housing.com/in/buy/resale/synthetic/synth-00258","Synthetic","20"
"3.5","1370","Thrissur","71.51","Vadookara","5.22k/sq.ft","Ready to move","3.5 BHK Independent House in Vadookara, Thrissur","https://housing.com/in/buy/resale/synthetic/synth-00259","Synthetic","20"
"3","3860","Thrissur","241.12","Kuttanellur","6.25k/sq.ft","1st Feb, 2027","3 BHK Independent House in Kuttanellur, Thrissur","https://housing.com/in/buy/resale/synthetic/synth-00260","Synthetic","20"
"4.5","1170","Thrissur","63.7","Kodungallur","5.44k/sq.ft","31st Mar, 2027","4.5 BHK Independent House in Kodungallur, Thrissur","https://housing.com/in/buy/resale/synthetic/synth-00261","Synthetic","21"
"3.5","3140","Thrissur","115.36","Chembukkav","3.67k/sq.ft","1st Nov, 2026","3.5 BHK Independent House in Chembukkav, Thrissur","https://housing.com/in/buy/resale/synthetic/synth-00262","Synthetic","21"
"4","3070","Thrissur","167.29","Kizhakkumpattukara","5.45k/sq.ft","1st Jul, 2027","4 BHK Independent House in Kizhakkumpattukara, Thrissur","https://housing.com/in/buy/resale/synthetic/synth-00263","Synthetic","21"
"2.5","2090","Thrissur","109.33","Anthikkad","5.23k/sq.ft","Ready to move","2.5 BHK Independent House in Anthikkad, Thrissur","https://housing.com/in/buy/resale/synthetic/synth-00264","Synthetic","21"
"2.5","1100","Thrissur","71.68","Kuttumukku, Cheroor","6.52k/sq.ft","Ready to move","2.5 BHK Independent House in Kuttumukku, Cheroor, Thrissur","https://housing.com/in/buy/resale/synthetic/synth-00265","Synthetic","21"
"3","1060","Thrissur","36.19","Annamanada","3.41k/sq.ft","Ready to move","3 BHK Independent House in Annamanada, Thrissur","https://housing.com/in/buy/resale/synthetic/synth-00266","Synthetic","21"
"4","1820","Thrissur","73.84","Mannuthy","4.06k/sq.ft","31st Mar, 2027","4 BHK Independent House in Mannuthy, Thrissur","https://housing.com/in/buy/resale/synthetic/synth-00267","Synthetic","21"
"3.5","1760","Thrissur","75.18","Chalakudy Municipal Central Market, Chalakudy","4.27k/sq.ft","1st Oct, 2026","3.5 BHK Independent House in Chalakudy Municipal Central Market, Chalakudy, Thrissur","https://housing.com/in/buy/resale/synthetic/synth-00268","Synthetic","21"
"3.5","2140","Thrissur","197.52","Velappaya, Killannur","9.23k/sq.ft","1st Aug, 2027","3.5 BHK Independent House in Velappaya, Killannur, Thrissur","https://housing.com/in/buy/resale/synthetic/synth-00269","Synthetic","21"
"4","2040","Thrissur","182.47","Velappaya, Killannur","8.94k/sq.ft","Ready to move","4 BHK Independent House in Velappaya, Killannur, Thrissur","https://housing.com/in/buy/resale/synthetic/synth-00270","Synthetic","21"
"3","1230","Thrissur","40.85","Kodungallur","3.32k/sq.ft","1st Apr, 2027","3 BHK Independent House in Kodungallur, Thrissur","https://housing.com/in/buy/resale/synthetic/synth-00271","Synthetic","21"
"2.5","1880","Thrissur","72.1","Puthurkkara","3.84k/sq.ft","1st Oct, 2026","2.5 BHK Independent House in Puthurkkara, Thrissur","https://housing.com/in/buy/resale/synthetic/synth-00272","Synthetic","21"
"4","3620","Thrissur","347.34","Chembukkav","9.60k/sq.ft","1st May, 2027","4 BHK Independent House in Chembukkav, Thrissur","https://housing.com/in/buy/resale/synthetic/synth-00273","Synthetic","21"
"3","1970","Thrissur","97.51","Ayyanthole","4.95k/sq.ft","1st Jun, 2027","3 BHK Independent House in Ayyanthole, Thrissur","https://housing.com/in/buy/resale/synthetic/synth-00274","Synthetic","21"
"4","1080","Thrissur","60.64","Koorkenchery","5.61k/sq.ft","Ready to move","4 BHK Independent House in Koorkenchery, Thrissur","https://housing.com/in/buy/resale/synthetic/synth-00275","Synthetic","21"
"4","2500","Thrissur","28.76","Nalukettu","1.15k/sq.ft","1st Apr, 2027","4 BHK Independent House in Nalukettu, Thrissur","https://housing.com/in/buy/resale/synthetic/synth-00276","Synthetic","21"
"3","370","Thrissur","22.7","Irinjalakuda","6.14k/sq.ft","31st Mar, 2027","3 BHK Independent House in Irinjalakuda, Thrissur","https://housing.com/in/buy/resale/synthetic/synth-00277","Synthetic","21"
"4.5","2440","Thrissur","80.57","Koorkenchery","3.30k/sq.ft","1st Jun, 2027","4.5 BHK Independent House in Koorkenchery, Thrissur","https://housing.com/in/buy/resale/synthetic/synth-00278","Synthetic","21"
"4.5","2710","Thrissur","124.88","Peramangalam","4.61k/sq.ft","Ready to move","4.5 BHK Independent House in Peramangalam, Thrissur","https://housing.com/in/buy/resale/synthetic/synth-00279","Synthetic","21"
"4","2200","Thrissur","111.45","Kottekkad, Kuttoor","5.07k/sq.ft","1st Aug, 2027","4 BHK Independent House in Kottekkad, Kuttoor, Thrissur","https://housing.com/in/buy/resale/synthetic/synth-00280","Synthetic","21"
"3.5","3020","Thrissur","159.05","Kottappuram","5.27k/sq.ft","1st Oct, 2026","3.5 BHK Independent House in Kottappuram, Thrissur","https://housing.com/in/buy/resale/synthetic/synth-00281","Synthetic","22"
"3.5","2680","Thrissur","204.97","Chembukkav","7.65k/sq.ft","28th Feb, 2027","3.5 BHK Independent House in Chembukkav, Thrissur","https://housing.com/in/buy/resale/synthetic/synth-00282","Synthetic","22"
"3","2190","Thrissur","98.18","Paluvai","4.48k/sq.ft","Ready to move","3 BHK Independent House in Paluvai, Thrissur","https://housing.com/in/buy/resale/synthetic/synth-00283","Synthetic","22"
"4","4480","Thrissur","361.04","Kuttanellur","8.06k/sq.ft","Ready to move","4 BHK Independent House in Kuttanellur, Thrissur","https://housing.com/in/buy/resale/synthetic/synth-00284","Synthetic","22"
"3.5","2690","Thrissur","342.28","Vasanth Nagar","12.72k/sq.ft","1st Sep, 2026","3.5 BHK Independent House in Vasanth Nagar, Thrissur","https://housing.com/in/buy/resale/synthetic/synth-00285","Synthetic","22"
"1.5","3280","Thrissur","116.18","Kizhakambalam","3.54k/sq.ft","28th Feb, 2027","1.5 BHK Independent House in Kizhakambalam, Thrissur","https://housing.com/in/buy/resale/synthetic/synth-00286","Synthetic","22"
"2","1080","Thrissur","29.1","Sringapuram, Kodungallur","2.69k/sq.ft","Ready to move","2 BHK Independent House in Sringapuram, Kodungallur, Thrissur","https://housing.com/in/buy/resale/synthetic/synth-00287","Synthetic","22"
"4","1710","Thrissur","73.46","Pandikkavu, Viyyoor","4.30k/sq.ft","1st Jul, 2027","4 BHK Independent House in Pandikkavu, Viyyoor, Thrissur","https://housing.com/in/buy/resale/synthetic/synth-00288","Synthetic","22"
"4","4370","Thrissur","188.69","Paravattani","4.32k/sq.ft","1st Aug, 2027","4 BHK Independent House in Paravattani, Thrissur","https://housing.com/in/buy/resale/synthetic/synth-00289","Synthetic","22"
"4.5","2740","Thrissur","13.7","Guruvayur","500.00/sq.ft","Ready to move","4.5 BHK Independent House in Guruvayur, Thrissur","https://housing.com/in/buy/resale/synthetic/synth-00290","Synthetic","22"
"5","2420","Thrissur","120.24","Thirumarady","4.97k/sq.ft","1st Jun, 2027","5 BHK Independent House in Thirumarady, Thrissur","https://housing.com/in/buy/resale/synthetic/synth-00291","Synthetic","22"
"3.5","630","Thrissur","26.01","Guruvayur","4.13k/sq.ft","1st Jun, 2027","3.5 BHK Independent House in Guruvayur, Thrissur","https://housing.com/in/buy/resale/synthetic/synth-00292","Synthetic","22"
"5","3970","Thrissur","106.98","Pottore, Killannur","2.69k/sq.ft","1st Oct, 2026","5 BHK Independent House in Pottore, Killannur, Thrissur","https://housing.com/in/buy/resale/synthetic/synth-00293","Synthetic","22"
"2.5","3100","Thrissur","51.68","Guruvayur","1.67k/sq.ft","28th Feb, 2027","2.5 BHK Independent House in Guruvayur, Thrissur","https://housing.com/in/buy/resale/synthetic/synth-00294","Synthetic","22"
"2.5","2290","Thrissur","34.54","Guruvayur","1.51k/sq.ft","1st Apr, 2027","2.5 BHK Independent House in Guruvayur, Thrissur","https://housing.com/in/buy/resale/synthetic/synth-00295","Synthetic","22"
"3","1110","Thrissur","102.28","Irinjalakuda","9.21k/sq.ft","1st Mar, 2027","3 BHK Independent House in Irinjalakuda, Thrissur","https://housing.com/in/buy/resale/synthetic/synth-00296","Synthetic","22"
"4","1000","Thrissur","43.58","Irinjalakuda","4.36k/sq.ft","Ready to move","4 BHK Independent House in Irinjalakuda, Thrissur","https://housing.com/in/buy/resale/synthetic/synth-00297","Synthetic","22"
"3.5","1910","Thrissur","113.67","Chiyyaram","5.95k/sq.ft","Ready to move","3.5 BHK Independent House in Chiyyaram, Thrissur","https://housing.com/in/buy/resale/synthetic/synth-00298","Synthetic","22"
"2.5","910","Thrissur","47.96","Kechery","5.27k/sq.ft","1st Feb, 2027","2.5 BHK Independent House in Kechery, Thrissur","https://housing.com/in/buy/resale/synthetic/synth-00299","Synthetic","22"
"3","1840","Thrissur","76.95","Muthuvattoor","4.18k/sq.ft","Ready to move","3 BHK Independent House in Muthuvattoor, Thrissur","https://housing.com/in/buy/resale/synthetic/synth-00300","Synthetic","22"
"4","3240","Thrissur","117.22","Kottekkad, Kuttoor","3.62k/sq.ft","1st Aug, 2027","4 BHK Independent House in Kottekkad, Kuttoor, Thrissur","https://housing.com/in/buy/resale/synthetic/synth-00301","Synthetic","23"
"2","1340","Thrissur","58.29","Erumapetty","4.35k/sq.ft","Ready to move","2 BHK Independent House in Erumapetty, Thrissur","https://housing.com/in/buy/resale/synthetic/synth-00302","Synthetic","23"
"4","2210","Thrissur","194.9","Velappaya, Killannur","8.82k/sq.ft","1st Apr, 2027","4 BHK Independent House in Velappaya, Killannur, Thrissur","https://housing.com/in/buy/resale/synthetic/synth-00303","Synthetic","23"
"3.5","890","Thrissur","25.87","Guruvayur","2.91k/sq.ft","Ready to move","3.5 BHK Independent House in Guruvayur, Thrissur","https://housing.com/in/buy/resale/synthetic/synth-00304","Synthetic","23"
"3","2040","Thrissur","72.61","Desamangalam","3.56k/sq.ft","1st Oct, 2026","3 BHK Independent House in Desamangalam, Thrissur","https://housing.com/in/buy/resale/synthetic/synth-00305","Synthetic","23"
"5","2930","Thrissur","114.62","Wadakkanchery","3.91k/sq.ft","1st Aug, 2027","5 BHK Independent House in Wadakkanchery, Thrissur","https://housing.com/in/buy/resale/synthetic/synth-00306","Synthetic","23"
"2.5","3520","Thrissur","57.82","Guruvayur","1.64k/sq.ft","1st Jun, 2027","2.5 BHK Independent House in Guruvayur, Thrissur","https://housing.com/in/buy/resale/synthetic/synth-00307","Synthetic","23"
"3.5","1830","Thrissur","87.06","Ollur","4.76k/sq.ft","Ready to move","3.5 BHK Independent House in Ollur, Thrissur","https://housing.com/in/buy/resale/synthetic/synth-00308","Synthetic","23"
"4","3800","Thrissur","368.6","Patturaikkal","9.70k/sq.ft","1st Aug, 2027","4 BHK Independent House in Patturaikkal, Thrissur","https://housing.com/in/buy/resale/synthetic/synth-00309","Synthetic","23"
"4.5","1340","Thrissur","53.4","Guruvayur","3.98k/sq.ft","1st Jun, 2027","4.5 BHK Independent House in Guruvayur, Thrissur","https://housing.com/in/buy/resale/synthetic/synth-00310","Synthetic","23"
"3","1190","Thrissur","50.11","Nedupurha","4.21k/sq.ft","1st Apr, 2027","3 BHK Independent House in Nedupurha, Thrissur","https://housing.com/in/buy/resale/synthetic/synth-00311","Synthetic","23"
"4.5","2450","Thrissur","133.79","Keltron Nagar, Kolazhy","5.46k/sq.ft","1st Sep, 2026","4.5 BHK Independent House in Keltron Nagar, Kolazhy, Thrissur","https://housing.com/in/buy/resale/synthetic/synth-00312","Synthetic","23"
"4.5","3250","Thrissur","94.06","Pandikkavu, Viyyoor","2.89k/sq.ft","1st Nov, 2026","4.5 BHK Independent House in Pandikkavu, Viyyoor, Thrissur","https://housing.com/in/buy/resale/synthetic/synth-00313","Synthetic","23"
"5","2190","Thrissur","75.4","Mannuthy","3.44k/sq.ft","1st Oct, 2026","5 BHK Independent House in Mannuthy, Thrissur","https://housing.com/in/buy/resale/synthetic/synth-00314","Synthetic","23"
"3","970","Thrissur","23.62","Irinjalakuda","2.43k/sq.ft","1st Jun, 2027","3 BHK Independent House in Irinjalakuda, Thrissur","https://housing.com/in/buy/resale/synthetic/synth-00315","Synthetic","23"
"6","2140","Thrissur","83.83","Kuriachira","3.92k/sq.ft","Ready to move","6 BHK Independent House in Kuriachira, Thrissur","https://housing.com/in/buy/resale/synthetic/synth-00316","Synthetic","23"
"3","2390","Thrissur","101.62","Mannuthy","4.25k/sq.ft","1st Mar, 2027","3 BHK Independent House in Mannuthy, Thrissur","https://housing.com/in/buy/resale/synthetic/synth-00317","Synthetic","23"
"2.5","1770","Thrissur","73.07","Koorkenchery","4.13k/sq.ft","1st Dec, 2026","2.5 BHK Independent House in Koorkenchery, Thrissur","https://housing.com/in/buy/resale/synthetic/synth-00318","Synthetic","23"
"1.5","2590","Thrissur","118.82","Nalukettu","4.59k/sq.ft","1st May, 2027","1.5 BHK Independent House in Nalukettu, Thrissur","https://housing.com/in/buy/resale/synthetic/synth-00319","Synthetic","23"
"2.5","2350","Thrissur","79.37","Guruvayur","3.38k/sq.ft","Ready to move","2.5 BHK Independent House in Guruvayur, Thrissur","https://housing.com/in/buy/resale/synthetic/synth-00320","Synthetic","23"
"3","1370","Thrissur","47.76","Kottapuram, Kodungallur","3.49k/sq.ft","1st Dec, 2026","3 BHK Independent House in Kottapuram, Kodungallur, Thrissur","https://housing.com/in/buy/resale/synthetic/synth-00321","Synthetic","24"
"4","4170","Thrissur","317.74","Puzhakkal","7.62k/sq.ft","1st Mar, 2027","4 BHK Independent House in Puzhakkal, Thrissur","https://housing.com/in/buy/resale/synthetic/synth-00322","Synthetic","24"
"3.5","1870","Thrissur","84.18","Paluvai","4.50k/sq.ft","Ready to move","3.5 BHK Independent House in Paluvai, Thrissur","https://housing.com/in/buy/resale/synthetic/synth-00323","Synthetic","24"
"1","2130","Thrissur","109.05","Cherpu","5.12k/sq.ft","Ready to move","1 BHK Independent House in Cherpu, Thrissur","https://housing.com/in/buy/resale/synthetic/synth-00324","Synthetic","24"
"4","2930","Thrissur","47.31","Chalakudy","1.61k/sq.ft","1st Feb, 2027","4 BHK Independent House in Chalakudy, Thrissur","https://housing.com/in/buy/resale/synthetic/synth-00325","Synthetic","24"
"4","2050","Thrissur","124.3","Kottekkad, Kuttoor","6.06k/sq.ft","1st Oct, 2026","4 BHK Independent House in Kottekkad, Kuttoor, Thrissur","https://housing.com/in/buy/resale/synthetic/synth-00326","Synthetic","24"
"2.5","1040","Thrissur","46.34","Guruvayur","4.46k/sq.ft","Ready to move","2.5 BHK Independent House in Guruvayur, Thrissur","https://housing.com/in/buy/resale/synthetic/synth-00327","Synthetic","24"
"4.5","2890","Thrissur","159.06","Veliyannur","5.50k/sq.ft","31st Mar, 2027","4.5 BHK Independent House in Veliyannur, Thrissur","https://housing.com/in/buy/resale/synthetic/synth-00328","Synthetic","24"
"2","1150","Thrissur","105.71","Kattilappoovam, Killannur","9.19k/sq.ft","Ready to move","2 BHK Independent House in Kattilappoovam, Killannur, Thrissur","https://housing.com/in/buy/resale/synthetic/synth-00329","Synthetic","24"
"2.5","2300","Thrissur","78.3","Poothole","3.40k/sq.ft","1st Mar, 2027","2.5 BHK Independent House in Poothole, Thrissur","https://housing.com/in/buy/resale/synthetic/synth-00330","Synthetic","24"
"3.5","1810","Thrissur","77.18","Keltron Nagar, Kolazhy","4.26k/sq.ft","Ready to move","3.5 BHK Independent House in Keltron Nagar, Kolazhy, Thrissur","https://housing.com/in/buy/resale/synthetic/synth-00331","Synthetic","24"
"1.5","2320","Thrissur","40.01","Chalakudy","1.72k/sq.ft","1st Jun, 2027","1.5 BHK Independent House in Chalakudy, Thrissur","https://housing.com/in/buy/resale/synthetic/synth-00332","Synthetic","24"
"3","2700","Thrissur","109.09","Ollur","4.04k/sq.ft","Ready to move","3 BHK Independent House in Ollur, Thrissur","https://housing.com/in/buy/resale/synthetic/synth-00333","Synthetic","24"
"3.5","1000","Thrissur","30.6","Guruvayur","3.06k/sq.ft","1st Nov, 2026","3.5 BHK Independent House in Guruvayur, Thrissur","https://housing.com/in/buy/resale/synthetic/synth-00334","Synthetic","24"
"2.5","790","Thrissur","3.95","Guruvayur","500.00/sq.ft","1st May, 2027","2.5 BHK Independent House in Guruvayur, Thrissur","https://housing.com/in/buy/resale/synthetic/synth-00335","Synthetic","24"
"3","1770","Thrissur","64.14","Poothole","3.62k/sq.ft","31st Mar, 2027","3 BHK Independent House in Poothole, Thrissur","https://housing.com/in/buy/resale/synthetic/synth-00336","Synthetic","24"
"5","3950","Thrissur","95.57","Pottore, Killannur","2.42k/sq.ft","1st Sep, 2026","5 BHK Independent House in Pottore, Killannur, Thrissur","https://housing.com/in/buy/resale/synthetic/synth-00337","Synthetic","24"
"4","3700","Thrissur","88.38","Pandikkavu, Viyyoor","2.39k/sq.ft","Ready to move","4 BHK Independent House in Pandikkavu, Viyyoor, Thrissur","https://housing.com/in/buy/resale/synthetic/synth-00338","Synthetic","24"
"1.5","1210","Thrissur","107.93","Kattilappoovam, Killannur","8.92k/sq.ft","Ready to move","1.5 BHK Independent House in Kattilappoovam, Killannur, Thrissur","https://housing.com/in/buy/resale/synthetic/synth-00339","Synthetic","24"
"3","2400","Thrissur","82.76","Ayyanthole","3.45k/sq.ft","1st Oct, 2026","3 BHK Independent House in Ayyanthole, Thrissur","https://housing.com/in/buy/resale/synthetic/synth-00340","Synthetic","24"
"2","2890","Thrissur","115.91","Muppathadam","4.01k/sq.ft","Ready to move","2 BHK Independent House in Muppathadam, Thrissur","https://housing.com/in/buy/resale/synthetic/synth-00341","Synthetic","25"
"4","2330","Thrissur","203.54","Velappaya, Killannur","8.74k/sq.ft","Ready to move","4 BHK Independent House in Velappaya, Killannur, Thrissur","https://housing.com/in/buy/resale/synthetic/synth-00342","Synthetic","25"
"2.5","2300","Thrissur","76.4","Ollur","3.32k/sq.ft","Ready to move","2.5 BHK Independent House in Ollur, Thrissur","https://housing.com/in/buy/resale/synthetic/synth-00343","Synthetic","25"
"3.5","2510","Thrissur","121.72","Peramangalam","4.85k/sq.ft","Ready to move","3.5 BHK Independent House in Peramangalam, Thrissur","https://housing.com/in/buy/resale/synthetic/synth-00344","Synthetic","25"
"2","1650","Thrissur","69.66","Koorkenchery","4.22k/sq.ft","31st Mar, 2027","2 BHK Independent House in Koorkenchery, Thrissur","https://housing.com/in/buy/resale/synthetic/synth-00345","Synthetic","25"
"3","2100","Thrissur","70.38","Naikkanal","3.35k/sq.ft","Ready to move","3 BHK Independent House in Naikkanal, Thrissur","https://housing.com/in/buy/resale/synthetic/synth-00346","Synthetic","25"
"2.5","2320","Thrissur","93.64","Peringottukara","4.04k/sq.ft","Ready to move","2.5 BHK Independent House in Peringottukara, Thrissur","https://housing.com/in/buy/resale/synthetic/synth-00347","Synthetic","25"
"2.5","1760","Thrissur","91.41","Vadookara","5.19k/sq.ft","1st Nov, 2026","2.5 BHK Independent House in Vadookara, Thrissur","https://housing.com/in/buy/resale/synthetic/synth-00348","Synthetic","25"
"1","2120","Thrissur","92.28","Kuriachira","4.35k/sq.ft","Ready to move","1 BHK Independent House in Kuriachira, Thrissur","https://housing.com/in/buy/resale/synthetic/synth-00349","Synthetic","25"
"3","3000","Thrissur","160.53","Chiyyaram","5.35k/sq.ft","28th Feb, 2027","3 BHK Independent House in Chiyyaram, Thrissur","https://housing.com/in/buy/resale/synthetic/synth-00350","Synthetic","25"
"4.5","2530","Thrissur","137.09","Krishnapuram Village","5.42k/sq.ft","1st May, 2027","4.5 BHK Independent House in Krishnapuram Village, Thrissur","https://housing.com/in/buy/resale/synthetic/synth-00351","Synthetic","25"
"2.5","1260","Thrissur","53.94","Koorkenchery","4.28k/sq.ft","1st Jan, 2027","2.5 BHK Independent House in Koorkenchery, Thrissur","https://housing.com/in/buy/resale/synthetic/synth-00352","Synthetic","25"
"3","1810","Thrissur","139.42","Chelakkara","7.70k/sq.ft","Ready to move","3 BHK Independent House in Chelakkara, Thrissur","https://housing.com/in/buy/resale/synthetic/synth-00353","Synthetic","25"
"3.5","1030","Thrissur","46.02","Nedupurha","4.47k/sq.ft","1st Feb, 2027","3.5 BHK Independent House in Nedupurha, Thrissur","https://housing.com/in/buy/resale/synthetic/synth-00354","Synthetic","25"
"3","2870","Thrissur","126.36","Punkunnam","4.40k/sq.ft","1st Jul, 2027","3 BHK Independent House in Punkunnam, Thrissur","https://housing.com/in/buy/resale/synthetic/synth-00355","Synthetic","25"
"4","2620","Thrissur","78.06","Kondazhy","2.98k/sq.ft","28th Feb, 2027","4 BHK Independent House in Kondazhy, Thrissur","https://housing.com/in/buy/resale/synthetic/synth-00356","Synthetic","25"
"2.5","2770","Thrissur","183.0","Pariyaram","6.61k/sq.ft","Ready to move","2.5 BHK Independent House in Pariyaram, Thrissur","https://housing.com/in/buy/resale/synthetic/synth-00357","Synthetic","25"
"4","2170","Thrissur","63.18","Muppathadam","2.91k/sq.ft","31st Mar, 2027","4 BHK Independent House in Muppathadam, Thrissur","https://housing.com/in/buy/resale/synthetic/synth-00358","Synthetic","25"
"3","2250","Thrissur","106.52","Erumapetty","4.73k/sq.ft","1st May, 2027","3 BHK Independent House in Erumapetty, Thrissur","https://housing.com/in/buy/resale/synthetic/synth-00359","Synthetic","25"
"3","1240","Thrissur","48.48","Puthurkkara","3.91k/sq.ft","1st Mar, 2027","3 BHK Independent House in Puthurkkara, Thrissur","https://housing.com/in/buy/resale/synthetic/synth-00360","Synthetic","25"
"3","2600","Thrissur","109.38","Thanniam","4.21k/sq.ft","Ready to move","3 BHK Independent House in Thanniam, Thrissur","https://housing.com/in/buy/resale/synthetic/synth-00361","Synthetic","26"
"3","1970","Thrissur","69.6","Puthurkkara","3.53k/sq.ft","1st Sep, 2026","3 BHK Independent House in Puthurkkara, Thrissur","https://housing.com/in/buy/resale/synthetic/synth-00362","Synthetic","26"
"3","1770","Thrissur","77.19","Thanikkudam","4.36k/sq.ft","Ready to move","3 BHK Independent House in Thanikkudam, Thrissur","https://housing.com/in/buy/resale/synthetic/synth-00363","Synthetic","26"
"4","1480","Thrissur","64.34","Engandiyoor","4.35k/sq.ft","1st Jul, 2027","4 BHK Independent House in Engandiyoor, Thrissur","https://housing.com/in/buy/resale/synthetic/synth-00364","Synthetic","26"
"4","1880","Thrissur","91.35","Poochatty","4.86k/sq.ft","Ready to move","4 BHK Independent House in Poochatty, Thrissur","https://housing.com/in/buy/resale/synthetic/synth-00365","Synthetic","26"
"3.5","3830","Thrissur","218.96","Koorkenchery","5.72k/sq.ft","1st Sep, 2026","3.5 BHK Independent House in Koorkenchery, Thrissur","https://housing.com/in/buy/resale/synthetic/synth-00366","Synthetic","26"
"3","1400","Thrissur","30.19","Ayyanthole","2.16k/sq.ft","Ready to move","3 BHK Independent House in Ayyanthole, Thrissur","https://housing.com/in/buy/resale/synthetic/synth-00367","Synthetic","26"
"4","4140","Thrissur","303.27","Kaiparambu","7.33k/sq.ft","1st Aug, 2027","4 BHK Independent House in Kaiparambu, Thrissur","https://housing.com/in/buy/resale/synthetic/synth-00368","Synthetic","26"
"3","3940","Thrissur","217.09","Guruvayur","5.51k/sq.ft","Ready to move","3 BHK Independent House in Guruvayur, Thrissur","https://housing.com/in/buy/resale/synthetic/synth-00369","Synthetic","26"
"3","2080","Thrissur","97.55","Mammiyoor","4.69k/sq.ft","1st Jun, 2027","3 BHK Independent House in Mammiyoor, Thrissur","https://housing.com/in/buy/resale/synthetic/synth-00370","Synthetic","26"
"4","670","Thrissur","28.16","Irinjalakuda","4.20k/sq.ft","1st Apr, 2027","4 BHK Independent House in Irinjalakuda, Thrissur","https://housing.com/in/buy/resale/synthetic/synth-00371","Synthetic","26"
"5","3010","Thrissur","140.48","Meloor","4.67k/sq.ft","Ready to move","5 BHK Independent House in Meloor, Thrissur","https://housing.com/in/buy/resale/synthetic/synth-00372","Synthetic","26"
"2","1820","Thrissur","84.44","Chiyyaram","4.64k/sq.ft","1st May, 2027","2 BHK Independent House in Chiyyaram, Thrissur","https://housing.com/in/buy/resale/synthetic/synth-00373","Synthetic","26"
"3","1950","Thrissur","74.4","Mannuthy","3.82k/sq.ft","Ready to move","3 BHK Independent House in Mannuthy, Thrissur","https://housing.com/in/buy/resale/synthetic/synth-00374","Synthetic","26"
"2","1080","Thrissur","33.38","Sringapuram, Kodungallur","3.09k/sq.ft","1st May, 2027","2 BHK Independent House in Sringapuram, Kodungallur, Thrissur","https://housing.com/in/buy/resale/synthetic/synth-00375","Synthetic","26"
"2.5","2080","Thrissur","82.43","Muthuvattoor","3.96k/sq.ft","1st Feb, 2027","2.5 BHK Independent House in Muthuvattoor, Thrissur","https://housing.com/in/buy/resale/synthetic/synth-00376","Synthetic","26"
"4.5","1480","Thrissur","63.14","Mannuthy","4.27k/sq.ft","1st Sep, 2026","4.5 BHK Independent House in Mannuthy, Thrissur","https://housing.com/in/buy/resale/synthetic/synth-00377","Synthetic","26"
"3.5","300","Thrissur","13.32","Irinjalakuda","4.44k/sq.ft","Ready to move","3.5 BHK Independent House in Irinjalakuda, Thrissur","https://housing.com/in/buy/resale/synthetic/synth-00378","Synthetic","26"
"4","2830","Thrissur","113.77","Mannuthy","4.02k/sq.ft","Ready to move","4 BHK Independent House in Mannuthy, Thrissur","https://housing.com/in/buy/resale/synthetic/synth-00379","Synthetic","26"
"4","2310","Thrissur","114.13","Peringottukara","4.94k/sq.ft","31st Mar, 2027","4 BHK Independent House in Peringottukara, Thrissur","https://housing.com/in/buy/resale/synthetic/synth-00380","Synthetic","26"
"2","300","Thrissur","22.49","Amalanagar","7.50k/sq.ft","Ready to move","2 BHK Independent House in Amalanagar, Thrissur","https://housing.com/in/buy/resale/synthetic/synth-00381","Synthetic","27"
"3.5","1850","Thrissur","76.06","Mathilakam","4.11k/sq.ft","1st Apr, 2027","3.5 BHK Independent House in Mathilakam, Thrissur","https://housing.com/in/buy/resale/synthetic/synth-00382","Synthetic","27"
"2","1990","Thrissur","111.61","Amalanagar","5.61k/sq.ft","1st Apr, 2027","2 BHK Independent House in Amalanagar, Thrissur","https://housing.com/in/buy/resale/synthetic/synth-00383","Synthetic","27"
"3","990","Thrissur","22.92","Mala","2.32k/sq.ft","Ready to move","3 BHK Independent House in Mala, Thrissur","https://housing.com/in/buy/resale/synthetic/synth-00384","Synthetic","27"
"3","1100","Thrissur","48.22","Vadookara","4.38k/sq.ft","1st Nov, 2026","3 BHK Independent House in Vadookara, Thrissur","https://housing.com/in/buy/resale/synthetic/synth-00385","Synthetic","27"
"3","2890","Thrissur","192.4","Koorkenchery","6.66k/sq.ft","Ready to move","3 BHK Independent House in Koorkenchery, Thrissur","https://housing.com/in/buy/resale/synthetic/synth-00386","Synthetic","27"
"3","870","Thrissur","38.95","Vellanikkara","4.48k/sq.ft","15th Jan, 2027","3 BHK Independent House in Vellanikkara, Thrissur","https://housing.com/in/buy/resale/synthetic/synth-00387","Synthetic","27"
"3.5","2340","Thrissur","138.4","Ayyanthole","5.91k/sq.ft","1st Aug, 2027","3.5 BHK Independent House in Ayyanthole, Thrissur","https://housing.com/in/buy/resale/synthetic/synth-00388","Synthetic","27"
"4","2040","Thrissur","72.91","Mannuthy","3.57k/sq.ft","Ready to move","4 BHK Independent House in Mannuthy, Thrissur","https://housing.com/in/buy/resale/synthetic/synth-00389","Synthetic","27"
"3.5","2030","Thrissur","69.46","Koorkenchery","3.42k/sq.ft","1st Nov, 2026","3.5 BHK Independent House in Koorkenchery, Thrissur","https://housing.com/in/buy/resale/synthetic/synth-00390","Synthetic","27"
"4.5","2320","Thrissur","112.02","Kuttoor","4.83k/sq.ft","1st Jul, 2027","4.5 BHK Independent House in Kuttoor, Thrissur","https://housing.com/in/buy/resale/synthetic/synth-00391","Synthetic","27"
"3","2740","Thrissur","77.51","Guruvayur","2.83k/sq.ft","Ready to move","3 BHK Independent House in Guruvayur, Thrissur","https://housing.com/in/buy/resale/synthetic/synth-00392","Synthetic","27"
"3.5","2700","Thrissur","101.16","Mannuthy","3.75k/sq.ft","15th Jan, 2027","3.5 BHK Independent House in Mannuthy, Thrissur","https://housing.com/in/buy/resale/synthetic/synth-00393","Synthetic","27"
"4","2630","Thrissur","152.54","Cheroor","5.80k/sq.ft","1st Jul, 2027","4 BHK Independent House in Cheroor, Thrissur","https://housing.com/in/buy/resale/synthetic/synth-00394","Synthetic","27"
"3","1930","Thrissur","90.49","Pallikkulam","4.69k/sq.ft","Ready to move","3 BHK Independent House in Pallikkulam, Thrissur","https://housing.com/in/buy/resale/synthetic/synth-00395","Synthetic","27"
"3","1530","Thrissur","64.51","Chalakudy Municipal Central Market, Chalakudy","4.22k/sq.ft","1st Aug, 2027","3 BHK Independent House in Chalakudy Municipal Central Market, Chalakudy, Thrissur","https://housing.com/in/buy/resale/synthetic/synth-00396","Synthetic","27"
"4","2850","Thrissur","91.97","Palakkal","3.23k/sq.ft","31st Mar, 2027","4 BHK Independent House in Palakkal, Thrissur","https://housing.com/in/buy/resale/synthetic/synth-00397","Synthetic","27"
"4","2910","Thrissur","183.77","Veliyannur","6.32k/sq.ft","28th Feb, 2027","4 BHK Independent House in Veliyannur, Thrissur","https://housing.com/in/buy/resale/synthetic/synth-00398","Synthetic","27"
"4","3020","Thrissur","160.46","Kunnamkulam Town","5.31k/sq.ft","Ready to move","4 BHK Independent House in Kunnamkulam Town, Thrissur","https://housing.com/in/buy/resale/synthetic/synth-00399","Synthetic","27"
"3","1820","Thrissur","83.53","Kunnamkulam","4.59k/sq.ft","1st Oct, 2026","3 BHK Independent House in Kunnamkulam, Thrissur","https://housing.com/in/buy/resale/synthetic/synth-00400","Synthetic","27"
"3","1550","Thrissur","57.64","Keetholi, Kodungallur","3.72k/sq.ft","1st Dec, 2026","3 BHK Independent House in Keetholi, Kodungallur, Thrissur","https://housing.com/in/buy/resale/synthetic/synth-00401","Synthetic","28"
"3.5","2120","Thrissur","142.99","Guruvayur","6.74k/sq.ft","Ready to move","3.5 BHK Independent House in Guruvayur, Thrissur","https://housing.com/in/buy/resale/synthetic/synth-00402","Synthetic","28"
"2","1730","Thrissur","82.5","Desamangalam","4.77k/sq.ft","1st Jun, 2027","2 BHK Independent House in Desamangalam, Thrissur","https://housing.com/in/buy/resale/synthetic/synth-00403","Synthetic","28"
"4","1670","Thrissur","80.12","Koorkenchery","4.80k/sq.ft","1st Apr, 2027","4 BHK Independent House in Koorkenchery, Thrissur","https://housing.com/in/buy/resale/synthetic/synth-00404","Synthetic","28"
"2.5","2080","Thrissur","105.64","Guruvayur","5.08k/sq.ft","1st Mar, 2027","2.5 BHK Independent House in Guruvayur, Thrissur","https://housing.com/in/buy/resale/synthetic/synth-00405","Synthetic","28"
"3.5","2080","Thrissur","96.47","North Nada","4.64k/sq.ft","Ready to move","3.5 BHK Independent House in North Nada, Thrissur","https://housing.com/in/buy/resale/synthetic/synth-00406","Synthetic","28"
"2","1070","Thrissur","47.44","Irinjalakuda","4.43k/sq.ft","Ready to move","2 BHK Independent House in Irinjalakuda, Thrissur","https://housing.com/in/buy/resale/synthetic/synth-00407","Synthetic","28"
"4","1780","Thrissur","69.04","Koorkenchery","3.88k/sq.ft","Ready to move","4 BHK Independent House in Koorkenchery, Thrissur","https://housing.com/in/buy/resale/synthetic/synth-00408","Synthetic","28"
"2","890","Thrissur","103.87","Chettupuzha","11.67k/sq.ft","1st Jul, 2027","2 BHK Independent House in Chettupuzha, Thrissur","https://housing.com/in/buy/resale/synthetic/synth-00409","Synthetic","28"
"3","2730","Thrissur","151.24","Puranattukara","5.54k/sq.ft","1st Mar, 2027","3 BHK Independent House in Puranattukara, Thrissur","https://housing.com/in/buy/resale/synthetic/synth-00410","Synthetic","28"
"3","2020","Thrissur","63.13","Ollur","3.13k/sq.ft","1st Sep, 2026","3 BHK Independent House in Ollur, Thrissur","https://housing.com/in/buy/resale/synthetic/synth-00411","Synthetic","28"
"4","1470","Thrissur","36.76","Chalakudy","2.50k/sq.ft","Ready to move","4 BHK Independent House in Chalakudy, Thrissur","https://housing.com/in/buy/resale/synthetic/synth-00412","Synthetic","28"
"3","3050","Thrissur","122.72","Kunnamkulam Town","4.02k/sq.ft","1st Oct, 2026","3 BHK Independent House in Kunnamkulam Town, Thrissur","https://housing.com/in/buy/resale/synthetic/synth-00413","Synthetic","28"
"3.5","1110","Thrissur","57.49","Irinjalakuda","5.18k/sq.ft","1st Mar, 2027","3.5 BHK Independent House in Irinjalakuda, Thrissur","https://housing.com/in/buy/resale/synthetic/synth-00414","Synthetic","28"
"3","1540","Thrissur","60.33","Chalakudy Municipal Central Market, Chalakudy","3.92k/sq.ft","1st Jun, 2027","3 BHK Independent House in Chalakudy Municipal Central Market, Chalakudy, Thrissur","https://housing.com/in/buy/resale/synthetic/synth-00415","Synthetic","28"
"2.5","2020","Thrissur","52.21","Chalakudy","2.58k/sq.ft","1st Apr, 2027","2.5 BHK Independent House in Chalakudy, Thrissur","https://housing.com/in/buy/resale/synthetic/synth-00416","Synthetic","28"
"3.5","2470","Thrissur","110.57","Nellikunnu","4.48k/sq.ft","1st Nov, 2026","3.5 BHK Independent House in Nellikunnu, Thrissur","https://housing.com/in/buy/resale/synthetic/synth-00417","Synthetic","28"
"3","910","Thrissur","43.6","Vadookara","4.79k/sq.ft","Ready to move","3 BHK Independent House in Vadookara, Thrissur","https://housing.com/in/buy/resale/synthetic/synth-00418","Synthetic","28"
"3.5","300","Thrissur","12.52","Punkunnam","4.17k/sq.ft","Ready to move","3.5 BHK Independent House in Punkunnam, Thrissur","https://housing.com/in/buy/resale/synthetic/synth-00419","Synthetic","28"
"2.5","2370","Thrissur","11.85","Irinjalakuda","500.00/sq.ft","Ready to move","2.5 BHK Independent House in Irinjalakuda, Thrissur","https://housing.com/in/buy/resale/synthetic/synth-00420","Synthetic","28"
"1.5","980","Thrissur","84.14","Kattilappoovam, Killannur","8.59k/sq.ft","1st Dec, 2026","1.5 BHK Independent House in Kattilappoovam, Killannur, Thrissur","https://housing.com/in/buy/resale/synthetic/synth-00421","Synthetic","29"
"3","1230","Thrissur","74.08","Kuttumukku, Cheroor","6.02k/sq.ft","Ready to move","3 BHK Independent House in Kuttumukku, Cheroor, Thrissur","https://housing.com/in/buy/resale/synthetic/synth-00422","Synthetic","29"
"3","1440","Thrissur","60.82","Ollur","4.22k/sq.ft","1st Oct, 2026","3 BHK Independent House in Ollur, Thrissur","https://housing.com/in/buy/resale/synthetic/synth-00423","Synthetic","29"
"2","1040","Thrissur","15.63","Anchery","1.50k/sq.ft","Ready to move","2 BHK Independent House in Anchery, Thrissur","https://housing.com/in/buy/resale/synthetic/synth-00424","Synthetic","29"
"3","2720","Thrissur","116.75","Pazhayannur","4.29k/sq.ft","Ready to move","3 BHK Independent House in Pazhayannur, Thrissur","https://housing.com/in/buy/resale/synthetic/synth-00425","Synthetic","29"
"5","1740","Thrissur","68.68","Mannuthy","3.95k/sq.ft","28th Feb, 2027","5 BHK Independent House in Mannuthy, Thrissur","https://housing.com/in/buy/resale/synthetic/synth-00426","Synthetic","29"
"3","3560","Thrissur","103.72","Guruvayur","2.91k/sq.ft","1st Sep, 2026","3 BHK Independent House in Guruvayur, Thrissur","https://housing.com/in/buy/resale/synthetic/synth-00427","Synthetic","29"
"3","2040","Thrissur","93.38","West Nada","4.58k/sq.ft","1st Nov, 2026","3 BHK Independent House in West Nada, Thrissur","https://housing.com/in/buy/resale/synthetic/synth-00428","Synthetic","29"
"3.5","2350","Thrissur","83.83","Irinjalakuda","3.57k/sq.ft","1st Sep, 2026","3.5 BHK Independent House in Irinjalakuda, Thrissur","https://housing.com/in/buy/resale/synthetic/synth-00429","Synthetic","29"
"4.5","2180","Thrissur","181.43","Velappaya, Killannur","8.32k/sq.ft","Ready to move","4.5 BHK Independent House in Velappaya, Killannur, Thrissur","https://housing.com/in/buy/resale/synthetic/synth-00430","Synthetic","29"
"3","1170","Thrissur","40.2","Annamanada","3.44k/sq.ft","1st Oct, 2026","3 BHK Independent House in Annamanada, Thrissur","https://housing.com/in/buy/resale/synthetic/synth-00431","Synthetic","29"
"2","2830","Thrissur","109.77","Kaiparambu East","3.88k/sq.ft","31st Mar, 2027","2 BHK Independent House in Kaiparambu East, Thrissur","https://housing.com/in/buy/resale/synthetic/synth-00432","Synthetic","29"
"3","750","Thrissur","36.97","Chalakudy","4.93k/sq.ft","1st Jan, 2027","3 BHK Independent House in Chalakudy, Thrissur","https://housing.com/in/buy/resale/synthetic/synth-00433","Synthetic","29"
"3","1270","Thrissur","48.37","Vadookara","3.81k/sq.ft","1st Aug, 2027","3 BHK Independent House in Vadookara, Thrissur","https://housing.com/in/buy/resale/synthetic/synth-00434","Synthetic","29"
"2.5","3130","Thrissur","251.91","Manathala, Chavakkad","8.05k/sq.ft","1st Jun, 2027","2.5 BHK Independent House in Manathala, Chavakkad, Thrissur","https://housing.com/in/buy/resale/synthetic/synth-00435","Synthetic","29"
"4.5","8180","Thrissur","528.11","Aranattukara","6.46k/sq.ft","Ready to move","4.5 BHK Independent House in Aranattukara, Thrissur","https://housing.com/in/buy/resale/synthetic/synth-00436","Synthetic","29"
"3","2070","Thrissur","95.1","Kunnamkulam","4.59k/sq.ft","1st Feb, 2027","3 BHK Independent House in Kunnamkulam, Thrissur","https://housing.com/in/buy/resale/synthetic/synth-00437","Synthetic","29"
"4","2640","Thrissur","124.01","Veliyannur","4.70k/sq.ft","1st May, 2027","4 BHK Independent House in Veliyannur, Thrissur","https://housing.com/in/buy/resale/synthetic/synth-00438","Synthetic","29"
"3.5","1500","Thrissur","62.3","Guruvayur","4.15k/sq.ft","Ready to move","3.5 BHK Independent House in Guruvayur, Thrissur","https://housing.com/in/buy/resale/synthetic/synth-00439","Synthetic","29"
"4.5","1610","Thrissur","129.3","Manathala, Chavakkad","8.03k/sq.ft","Ready to move","4.5 BHK Independent House in Manathala, Chavakkad, Thrissur","https://housing.com/in/buy/resale/synthetic/synth-00440","Synthetic","29"
"2","880","Thrissur","105.64","Chettupuzha","12.00k/sq.ft","1st Mar, 2027","2 BHK Independent House in Chettupuzha, Thrissur","https://housing.com/in/buy/resale/synthetic/synth-00441","Synthetic","30"
"3.5","2200","Thrissur","85.14","Mannuthy","3.87k/sq.ft","Ready to move","3.5 BHK Independent House in Mannuthy, Thrissur","https://housing.com/in/buy/resale/synthetic/synth-00442","Synthetic","30"
"3","1380","Thrissur","44.84","Koorkenchery","3.25k/sq.ft","Ready to move","3 BHK Independent House in Koorkenchery, Thrissur","https://housing.com/in/buy/resale/synthetic/synth-00443","Synthetic","30"
"2","2920","Thrissur","97.5","Puthurkkara","3.34k/sq.ft","1st Nov, 2026","2 BHK Independent House in Puthurkkara, Thrissur","https://housing.com/in/buy/resale/synthetic/synth-00444","Synthetic","30"
"4","1170","Thrissur","65.91","Guruvayur","5.63k/sq.ft","1st Dec, 2026","4 BHK Independent House in Guruvayur, Thrissur","https://housing.com/in/buy/resale/synthetic/synth-00445","Synthetic","30"
"3.5","2600","Thrissur","117.55","Nalukettu","4.52k/sq.ft","Ready to move","3.5 BHK Independent House in Nalukettu, Thrissur","https://housing.com/in/buy/resale/synthetic/synth-00446","Synthetic","30"
"3","2690","Thrissur","106.23","Thiruvilwamala Town","3.95k/sq.ft","1st Aug, 2027","3 BHK Independent House in Thiruvilwamala Town, Thrissur","https://housing.com/in/buy/resale/synthetic/synth-00447","Synthetic","30"
"2","1720","Thrissur","21.21","Chalakudy","1.23k/sq.ft","Ready to move","2 BHK Independent House in Chalakudy, Thrissur","https://housing.com/in/buy/resale/synthetic/synth-00448","Synthetic","30"
"3.5","430","Thrissur","14.57","Puthurkkara","3.39k/sq.ft","1st Apr, 2027","3.5 BHK Independent House in Puthurkkara, Thrissur","https://housing.com/in/buy/resale/synthetic/synth-00449","Synthetic","30"
"1.5","740","Thrissur","63.04","Kattilappoovam, Killannur","8.52k/sq.ft","1st Jan, 2027","1.5 BHK Independent House in Kattilappoovam, Killannur, Thrissur","https://housing.com/in/buy/resale/synthetic/synth-00450","Synthetic","30"
"4.5","2020","Thrissur","59.91","Kuriachira","2.97k/sq.ft","1st Oct, 2026","4.5 BHK Independent House in Kuriachira, Thrissur","https://housing.com/in/buy/resale/synthetic/synth-00451","Synthetic","30"
"2","1690","Thrissur","93.41","Irinjalakuda","5.53k/sq.ft","1st Aug, 2027","2 BHK Independent House in Irinjalakuda, Thrissur","https://housing.com/in/buy/resale/synthetic/synth-00452","Synthetic","30"
"3.5","2410","Thrissur","115.06","Pallikkulam","4.77k/sq.ft","1st Feb, 2027","3.5 BHK Independent House in Pallikkulam, Thrissur","https://housing.com/in/buy/resale/synthetic/synth-00453","Synthetic","30"
"1.5","1590","Thrissur","61.51","Irinjalakuda","3.87k/sq.ft","1st Oct, 2026","1.5 BHK Independent House in Irinjalakuda, Thrissur","https://housing.com/in/buy/resale/synthetic/synth-00454","Synthetic","30"
"2.5","3230","Thrissur","73.86","Guruvayur","2.29k/sq.ft","1st Jun, 2027","2.5 BHK Independent House in Guruvayur, Thrissur","https://housing.com/in/buy/resale/synthetic/synth-00455","Synthetic","30"
"3.5","1470","Thrissur","61.54","Manathala, Chavakkad","4.19k/sq.ft","Ready to move","3.5 BHK Independent House in Manathala, Chavakkad, Thrissur","https://housing.com/in/buy/resale/synthetic/synth-00456","Synthetic","30"
"4","1910","Thrissur","61.23","Thaikkattussery","3.21k/sq.ft","1st Sep, 2026","4 BHK Independent House in Thaikkattussery, Thrissur","https://housing.com/in/buy/resale/synthetic/synth-00457","Synthetic","30"
"3","2220","Thrissur","111.93","Nattika","5.04k/sq.ft","1st Mar, 2027","3 BHK Independent House in Nattika, Thrissur","https://housing.com/in/buy/resale/synthetic/synth-00458","Synthetic","30"
"4.5","1490","Thrissur","48.79","Kolazhy","3.27k/sq.ft","Ready to move","4.5 BHK Independent House in Kolazhy, Thrissur","https://housing.com/in/buy/resale/synthetic/synth-00459","Synthetic","30"
"3","2630","Thrissur","132.91","Peramangalam","5.05k/sq.ft","Ready to move","3 BHK Independent House in Peramangalam, Thrissur","https://housing.com/in/buy/resale/synthetic/synth-00460","Synthetic","30"
"3.5","2140","Thrissur","105.24","Irinjalakuda","4.92k/sq.ft","28th Feb, 2027","3.5 BHK Independent House in Irinjalakuda, Thrissur","https://housing.com/in/buy/resale/synthetic/synth-00461","Synthetic","31"
"4","4090","Thrissur","348.11","Patturaikkal","8.51k/sq.ft","1st Feb, 2027","4 BHK Independent House in Patturaikkal, Thrissur","https://housing.com/in/buy/resale/synthetic/synth-00462","Synthetic","31"
"3.5","1060","Thrissur","36.31","Annamanada","3.43k/sq.ft","Ready to move","3.5 BHK Independent House in Annamanada, Thrissur","https://housing.com/in/buy/resale/synthetic/synth-00463","Synthetic","31"
"3.5","1280","Thrissur","52.89","Vellanikkara","4.13k/sq.ft","Ready to move","3.5 BHK Independent House in Vellanikkara, Thrissur","https://housing.com/in/buy/resale/synthetic/synth-00464","Synthetic","31"
"2","2200","Thrissur","101.84","Thaikkattussery","4.63k/sq.ft","Ready to move","2 BHK Independent House in Thaikkattussery, Thrissur","https://housing.com/in/buy/resale/synthetic/synth-00465","Synthetic","31"
"4","2450","Thrissur","100.06","Veliyannur","4.08k/sq.ft","1st Jul, 2027","4 BHK Independent House in Veliyannur, Thrissur","https://housing.com/in/buy/resale/synthetic/synth-00466","Synthetic","31"
"3","1200","Thrissur","42.6","Viyyoor","3.55k/sq.ft","Ready to move","3 BHK Independent House in Viyyoor, Thrissur","https://housing.com/in/buy/resale/synthetic/synth-00467","Synthetic","31"
"3","3500","Thrissur","185.0","Pandikkavu, Viyyoor","5.29k/sq.ft","1st Nov, 2026","3 BHK Independent House in Pandikkavu, Viyyoor, Thrissur","https://housing.com/in/buy/resale/synthetic/synth-00468","Synthetic","31"
"5","2600","Thrissur","120.74","Mannuthy","4.64k/sq.ft","Ready to move","5 BHK Independent House in Mannuthy, Thrissur","https://housing.com/in/buy/resale/synthetic/synth-00469","Synthetic","31"
"2.5","2390","Thrissur","107.73","Guruvayur","4.51k/sq.ft","1st Jun, 2027","2.5 BHK Independent House in Guruvayur, Thrissur","https://housing.com/in/buy/resale/synthetic/synth-00470","Synthetic","31"
"3","1810","Thrissur","58.59","Pandikkavu, Viyyoor","3.24k/sq.ft","Ready to move","3 BHK Independent House in Pandikkavu, Viyyoor, Thrissur","https://housing.com/in/buy/resale/synthetic/synth-00471","Synthetic","31"
"2","1420","Thrissur","60.34","Thrissur Rural","4.25k/sq.ft","1st Jun, 2027","2 BHK Independent House in Thrissur Rural, Thrissur","https://housing.com/in/buy/resale/synthetic/synth-00472","Synthetic","31"
"3","2740","Thrissur","175.64","Manathala, Chavakkad","6.41k/sq.ft","Ready to move","3 BHK Independent House in Manathala, Chavakkad, Thrissur","https://housing.com/in/buy/resale/synthetic/synth-00473","Synthetic","31"
"2.5","1420","Thrissur","47.32","Ollur","3.33k/sq.ft","Ready to move","2.5 BHK Independent House in Ollur, Thrissur","https://housing.com/in/buy/resale/synthetic/synth-00474","Synthetic","31"
"4","1650","Thrissur","74.1","Poochatty","4.49k/sq.ft","1st Jul, 2027","4 BHK Independent House in Poochatty, Thrissur","https://housing.com/in/buy/resale/synthetic/synth-00475","Synthetic","31"
"2","1940","Thrissur","100.73","Desamangalam","5.19k/sq.ft","1st Feb, 2027","2 BHK Independent House in Desamangalam, Thrissur","https://housing.com/in/buy/resale/synthetic/synth-00476","Synthetic","31"
"4.5","2030","Thrissur","83.5","Mannuthy","4.11k/sq.ft","Ready to move","4.5 BHK Independent House in Mannuthy, Thrissur","https://housing.com/in/buy/resale/synthetic/synth-00477","Synthetic","31"
"4","2020","Thrissur","62.94","Thrissur City","3.12k/sq.ft","1st Jan, 2027","4 BHK Independent House in Thrissur City, Thrissur","https://housing.com/in/buy/resale/synthetic/synth-00478","Synthetic","31"
"3","1930","Thrissur","93.14","Chalakudy Town","4.83k/sq.ft","Ready to move","3 BHK Independent House in Chalakudy Town, Thrissur","https://housing.com/in/buy/resale/synthetic/synth-00479","Synthetic","31"
"3","1270","Thrissur","75.81","Kuttumukku, Cheroor","5.97k/sq.ft","1st Feb, 2027","3 BHK Independent House in Kuttumukku, Cheroor, Thrissur","https://housing.com/in/buy/resale/synthetic/synth-00480","Synthetic","31"
"4.5","8130","Thrissur","484.33","Aranattukara","5.96k/sq.ft","Ready to move","4.5 BHK Independent House in Aranattukara, Thrissur","https://housing.com/in/buy/resale/synthetic/synth-00481","Synthetic","32"
"4","3720","Thrissur","279.03","Kaiparambu","7.50k/sq.ft","Ready to move","4 BHK Independent House in Kaiparambu, Thrissur","https://housing.com/in/buy/resale/synthetic/synth-00482","Synthetic","32"
"3.5","1160","Thrissur","84.98","Chelakkara","7.33k/sq.ft","Ready to move","3.5 BHK Independent House in Chelakkara, Thrissur","https://housing.com/in/buy/resale/synthetic/synth-00483","Synthetic","32"
"3","1660","Thrissur","92.31","Triprayar","5.56k/sq.ft","Ready to move","3 BHK Independent House in Triprayar, Thrissur","https://housing.com/in/buy/resale/synthetic/synth-00484","Synthetic","32"
"3","340","Thrissur","19.14","Shornur","5.63k/sq.ft","1st Oct, 2026","3 BHK Independent House in Shornur, Thrissur","https://housing.com/in/buy/resale/synthetic/synth-00485","Synthetic","32"
"3.5","1120","Thrissur","36.68","Koorkenchery","3.28k/sq.ft","1st Jun, 2027","3.5 BHK Independent House in Koorkenchery, Thrissur","https://housing.com/in/buy/resale/synthetic/synth-00486","Synthetic","32"
"4","2140","Thrissur","111.29","Ollur","5.20k/sq.ft","Ready to move","4 BHK Independent House in Ollur, Thrissur","https://housing.com/in/buy/resale/synthetic/synth-00487","Synthetic","32"
"3.5","2280","Thrissur","83.19","Mannuthy","3.65k/sq.ft","1st Aug, 2027","3.5 BHK Independent House in Mannuthy, Thrissur","https://housing.com/in/buy/resale/synthetic/synth-00488","Synthetic","32"
"3.5","2170","Thrissur","98.37","Kuriachira","4.53k/sq.ft","31st Mar, 2027","3.5 BHK Independent House in Kuriachira, Thrissur","https://housing.com/in/buy/resale/synthetic/synth-00489","Synthetic","32"
"3.5","1660","Thrissur","80.96","Vadookara","4.88k/sq.ft","31st Mar, 2027","3.5 BHK Independent House in Vadookara, Thrissur","https://housing.com/in/buy/resale/synthetic/synth-00490","Synthetic","32"
"1.5","3060","Thrissur","193.34","Pazhayannur","6.32k/sq.ft","Ready to move","1.5 BHK Independent House in Pazhayannur, Thrissur","https://housing.com/in/buy/resale/synthetic/synth-00491","Synthetic","32"
"3","1780","Thrissur","78.25","West Nada","4.40k/sq.ft","1st May, 2027","3 BHK Independent House in West Nada, Thrissur","https://housing.com/in/buy/resale/synthetic/synth-00492","Synthetic","32"
"2.5","1860","Thrissur","85.77","Kunnamkulam","4.61k/sq.ft","1st Jun, 2027","2.5 BHK Independent House in Kunnamkulam, Thrissur","https://housing.com/in/buy/resale/synthetic/synth-00493","Synthetic","32"
"4","2600","Thrissur","95.13","Puthenchira","3.66k/sq.ft","Ready to move","4 BHK Independent House in Puthenchira, Thrissur","https://housing.com/in/buy/resale/synthetic/synth-00494","Synthetic","32"
"5","2160","Thrissur","82.58","Pavaratty Town","3.82k/sq.ft","1st Oct, 2026","5 BHK Independent House in Pavaratty Town, Thrissur","https://housing.com/in/buy/resale/synthetic/synth-00495","Synthetic","32"
"3","1340","Thrissur","18.36","Kalletumkara","1.37k/sq.ft","Ready to move","3 BHK Independent House in Kalletumkara, Thrissur","https://housing.com/in/buy/resale/synthetic/synth-00496","Synthetic","32"
"2","1080","Thrissur","49.56","Maruthayoor","4.59k/sq.ft","Ready to move","2 BHK Independent House in Maruthayoor, Thrissur","https://housing.com/in/buy/resale/synthetic/synth-00497","Synthetic","32"
"3","1880","Thrissur","80.29","Kunnamkulam","4.27k/sq.ft","1st Mar, 2027","3 BHK Independent House in Kunnamkulam, Thrissur","https://housing.com/in/buy/resale/synthetic/synth-00498","Synthetic","32"
"3","2030","Thrissur","60.06","Guruvayur","2.96k/sq.ft","Ready to move","3 BHK Independent House in Guruvayur, Thrissur","https://housing.com/in/buy/resale/synthetic/synth-00499","Synthetic","32"
"5","3940","Thrissur","110.86","Pottore, Killannur","2.81k/sq.ft","Ready to move","5 BHK Independent House in Pottore, Killannur, Thrissur","https://housing.com/in/buy/resale/synthetic/synth-00500","Synthetic","32"
"2.5","2460","Thrissur","138.6","Perinchery","5.63k/sq.ft","Ready to move","2.5 BHK Independent House in Perinchery, Thrissur","https://housing.com/in/buy/resale/synthetic/synth-00501","Synthetic","33"
"4.5","3910","Thrissur","165.07","Amalanagar","4.22k/sq.ft","Ready to move","4.5 BHK Independent House in Amalanagar, Thrissur","https://housing.com/in/buy/resale/synthetic/synth-00502","Synthetic","33"
"4","2700","Thrissur","77.77","Guruvayur","2.88k/sq.ft","Ready to move","4 BHK Independent House in Guruvayur, Thrissur","https://housing.com/in/buy/resale/synthetic/synth-00503","Synthetic","33"
"4","4400","Thrissur","187.88","Paravattani","4.27k/sq.ft","Ready to move","4 BHK Independent House in Paravattani, Thrissur","https://housing.com/in/buy/resale/synthetic/synth-00504","Synthetic","33"
"1.5","2420","Thrissur","81.56","Chalakudy","3.37k/sq.ft","1st Jul, 2027","1.5 BHK Independent House in Chalakudy, Thrissur","https://housing.com/in/buy/resale/synthetic/synth-00505","Synthetic","33"
"3","790","Thrissur","43.56","Ayyanthole","5.51k/sq.ft","Ready to move","3 BHK Independent House in Ayyanthole, Thrissur","https://housing.com/in/buy/resale/synthetic/synth-00506","Synthetic","33"
"4","1670","Thrissur","76.56","Mannuthy","4.58k/sq.ft","Ready to move","4 BHK Independent House in Mannuthy, Thrissur","https://housing.com/in/buy/resale/synthetic/synth-00507","Synthetic","33"
"3.5","1770","Thrissur","65.85","Guruvayur","3.72k/sq.ft","Ready to move","3.5 BHK Independent House in Guruvayur, Thrissur","https://housing.com/in/buy/resale/synthetic/synth-00508","Synthetic","33"
"1.5","2660","Thrissur","142.17","Velur","5.34k/sq.ft","Ready to move","1.5 BHK Independent House in Velur, Thrissur","https://housing.com/in/buy/resale/synthetic/synth-00509","Synthetic","33"
"2","2780","Thrissur","107.99","Amalanagar","3.88k/sq.ft","1st Jan, 2027","2 BHK Independent House in Amalanagar, Thrissur","https://housing.com/in/buy/resale/synthetic/synth-00510","Synthetic","33"
"2.5","1720","Thrissur","72.15","Puranattukara","4.19k/sq.ft","Ready to move","2.5 BHK Independent House in Puranattukara, Thrissur","https://housing.com/in/buy/resale/synthetic/synth-00511","Synthetic","33"
"3","2700","Thrissur","239.04","Kuttanellur","8.85k/sq.ft","Ready to move","3 BHK Independent House in Kuttanellur, Thrissur","https://housing.com/in/buy/resale/synthetic/synth-00512","Synthetic","33"
"3.5","2960","Thrissur","163.75","Nellikunnu","5.53k/sq.ft","1st Jun, 2027","3.5 BHK Independent House in Nellikunnu, Thrissur","https://housing.com/in/buy/resale/synthetic/synth-00513","Synthetic","33"
"3","1770","Thrissur","82.64","Palayoor","4.67k/sq.ft","Ready to move","3 BHK Independent House in Palayoor, Thrissur","https://housing.com/in/buy/resale/synthetic/synth-00514","Synthetic","33"
"1.5","750","Thrissur","22.35","Sringapuram, Kodungallur","2.98k/sq.ft","Ready to move","1.5 BHK Independent House in Sringapuram, Kodungallur, Thrissur","https://housing.com/in/buy/resale/synthetic/synth-00515","Synthetic","33"
"5","1570","Thrissur","60.07","Mannuthy","3.83k/sq.ft","1st Mar, 2027","5 BHK Independent House in Mannuthy, Thrissur","https://housing.com/in/buy/resale/synthetic/synth-00516","Synthetic","33"
"3.5","390","Thrissur","14.87","Pandikkavu, Viyyoor","3.81k/sq.ft","31st Mar, 2027","3.5 BHK Independent House in Pandikkavu, Viyyoor, Thrissur","https://housing.com/in/buy/resale/synthetic/synth-00517","Synthetic","33"
"4","3100","Thrissur","122.23","Peringottukara","3.94k/sq.ft","1st Aug, 2027","4 BHK Independent House in Peringottukara, Thrissur","https://housing.com/in/buy/resale/synthetic/synth-00518","Synthetic","33"
"3","1400","Thrissur","83.86","Kuttumukku, Cheroor","5.99k/sq.ft","Ready to move","3 BHK Independent House in Kuttumukku, Cheroor, Thrissur","https://housing.com/in/buy/resale/synthetic/synth-00519","Synthetic","33"
"4","2150","Thrissur","104.28","Mannuthy","4.85k/sq.ft","1st Mar, 2027","4 BHK Independent House in Mannuthy, Thrissur","https://housing.com/in/buy/resale/synthetic/synth-00520","Synthetic","33"
"4","1850","Thrissur","85.87","Nadathara","4.64k/sq.ft","1st Aug, 2027","4 BHK Independent House in Nadathara, Thrissur","https://housing.com/in/buy/resale/synthetic/synth-00521","Synthetic","34"
"2.5","2280","Thrissur","125.14","Manathala, Chavakkad","5.49k/sq.ft","1st Mar, 2027","2.5 BHK Independent House in Manathala, Chavakkad, Thrissur","https://housing.com/in/buy/resale/synthetic/synth-00522","Synthetic","34"
"4","2680","Thrissur","79.23","Koorkenchery","2.96k/sq.ft","Ready to move","4 BHK Independent House in Koorkenchery, Thrissur","https://housing.com/in/buy/resale/synthetic/synth-00523","Synthetic","34"
"4","2800","Thrissur","157.27","Kottappuram","5.62k/sq.ft","1st Sep, 2026","4 BHK Independent House in Kottappuram, Thrissur","https://housing.com/in/buy/resale/synthetic/synth-00524","Synthetic","34"
"3.5","2430","Thrissur","111.88","Thrissur Rural","4.60k/sq.ft","1st Jan, 2027","3.5 BHK Independent House in Thrissur Rural, Thrissur","https://housing.com/in/buy/resale/synthetic/synth-00525","Synthetic","34"
"3","1410","Thrissur","69.41","Chiyyaram","4.92k/sq.ft","Ready to move","3 BHK Independent House in Chiyyaram, Thrissur","https://housing.com/in/buy/resale/synthetic/synth-00526","Synthetic","34"
"2.5","1970","Thrissur","86.4","West Nada","4.39k/sq.ft","28th Feb, 2027","2.5 BHK Independent House in West Nada, Thrissur","https://housing.com/in/buy/resale/synthetic/synth-00527","Synthetic","34"
"3","1490","Thrissur","46.69","Varadiyam","3.13k/sq.ft","1st Oct, 2026","3 BHK Independent House in Varadiyam, Thrissur","https://housing.com/in/buy/resale/synthetic/synth-00528","Synthetic","34"
"3","2200","Thrissur","94.03","Kunnamkulam","4.27k/sq.ft","Ready to move","3 BHK Independent House in Kunnamkulam, Thrissur","https://housing.com/in/buy/resale/synthetic/synth-00529","Synthetic","34"
"3","1140","Thrissur","48.45","Vellanikkara","4.25k/sq.ft","Ready to move","3 BHK Independent House in Vellanikkara, Thrissur","https://housing.com/in/buy/resale/synthetic/synth-00530","Synthetic","34"
"2.5","1220","Thrissur","71.46","Chiyyaram","5.86k/sq.ft","1st May, 2027","2.5 BHK Independent House in Chiyyaram, Thrissur","https://housing.com/in/buy/resale/synthetic/synth-00531","Synthetic","34"
"3","2670","Thrissur","35.3","Guruvayur","1.32k/sq.ft","Ready to move","3 BHK Independent House in Guruvayur, Thrissur","https://housing.com/in/buy/resale/synthetic/synth-00532","Synthetic","34"
"3.5","2380","Thrissur","117.96","Keltron Nagar, Kolazhy","4.96k/sq.ft","Ready to move","3.5 BHK Independent House in Keltron Nagar, Kolazhy, Thrissur","https://housing.com/in/buy/resale/synthetic/synth-00533","Synthetic","34"
"3","2750","Thrissur","280.31","Chembukkav","10.19k/sq.ft","1st Apr, 2027","3 BHK Independent House in Chembukkav, Thrissur","https://housing.com/in/buy/resale/synthetic/synth-00534","Synthetic","34"
"2.5","2150","Thrissur","84.2","Pariyaram","3.92k/sq.ft","Ready to move","2.5 BHK Independent House in Pariyaram, Thrissur","https://housing.com/in/buy/resale/synthetic/synth-00535","Synthetic","34"
"3","950","Thrissur","76.02","Irinjalakuda","8.00k/sq.ft","1st Mar, 2027","3 BHK Independent House in Irinjalakuda, Thrissur","https://housing.com/in/buy/resale/synthetic/synth-00536","Synthetic","34"
"3.5","2670","Thrissur","171.73","Chavakkad Town","6.43k/sq.ft","31st Mar, 2027","3.5 BHK Independent House in Chavakkad Town, Thrissur","https://housing.com/in/buy/resale/synthetic/synth-00537","Synthetic","34"
"4","2480","Thrissur","69.03","Kaiparambu East","2.78k/sq.ft","Ready to move","4 BHK Independent House in Kaiparambu East, Thrissur","https://housing.com/in/buy/resale/synthetic/synth-00538","Synthetic","34"
"4.5","2980","Thrissur","161.22","Veliyannur","5.41k/sq.ft","1st May, 2027","4.5 BHK Independent House in Veliyannur, Thrissur","https://housing.com/in/buy/resale/synthetic/synth-00539","Synthetic","34"
"4","4380","Thrissur","186.1","Paravattani","4.25k/sq.ft","1st Oct, 2026","4 BHK Independent House in Paravattani, Thrissur","https://housing.com/in/buy/resale/synthetic/synth-00540","Synthetic","34"
"3","3420","Thrissur","91.7","Punkunnam","2.68k/sq.ft","Ready to move","3 BHK Independent House in Punkunnam, Thrissur","https://housing.com/in/buy/resale/synthetic/synth-00541","Synthetic","35"
"3","2160","Thrissur","85.97","East Nada","3.98k/sq.ft","1st Dec, 2026","3 BHK Independent House in East Nada, Thrissur","https://housing.com/in/buy/resale/synthetic/synth-00542","Synthetic","35"
"4.5","3090","Thrissur","116.73","Pavaratty Town","3.78k/sq.ft","1st Dec, 2026","4.5 BHK Independent House in Pavaratty Town, Thrissur","https://housing.com/in/buy/resale/synthetic/synth-00543","Synthetic","35"
"3.5","1820","Thrissur","69.5","Keetholi, Kodungallur","3.82k/sq.ft","Ready to move","3.5 BHK Independent House in Keetholi, Kodungallur, Thrissur","https://housing.com/in/buy/resale/synthetic/synth-00544","Synthetic","35"
"4","2120","Thrissur","90.66","Desamangalam","4.28k/sq.ft","28th Feb, 2027","4 BHK Independent House in Desamangalam, Thrissur","https://housing.com/in/buy/resale/synthetic/synth-00545","Synthetic","35"
"2","2060","Thrissur","57.57","Puthukkad","2.79k/sq.ft","Ready to move","2 BHK Independent House in Puthukkad, Thrissur","https://housing.com/in/buy/resale/synthetic/synth-00546","Synthetic","35"
"3.5","2290","Thrissur","107.49","Muthuvattoor","4.69k/sq.ft","Ready to move","3.5 BHK Independent House in Muthuvattoor, Thrissur","https://housing.com/in/buy/resale/synthetic/synth-00547","Synthetic","35"
"1.5","1240","Thrissur","19.52","Anchery","1.57k/sq.ft","Ready to move","1.5 BHK Independent House in Anchery, Thrissur","https://housing.com/in/buy/resale/synthetic/synth-00548","Synthetic","35"
"4","2930","Thrissur","147.17","Kizhakkumpattukara","5.02k/sq.ft","Ready to move","4 BHK Independent House in Kizhakkumpattukara, Thrissur","https://housing.com/in/buy/resale/synthetic/synth-00549","Synthetic","35"
"4","2540","Thrissur","124.72","Nellikunnu","4.91k/sq.ft","Ready to move","4 BHK Independent House in Nellikunnu, Thrissur","https://housing.com/in/buy/resale/synthetic/synth-00550","Synthetic","35"
"2","1470","Thrissur","68.02","Ollur","4.63k/sq.ft","1st Apr, 2027","2 BHK Independent House in Ollur, Thrissur","https://housing.com/in/buy/resale/synthetic/synth-00551","Synthetic","35"
"3","2700","Thrissur","109.51","Thiruvilwamala Town","4.06k/sq.ft","Ready to move","3 BHK Independent House in Thiruvilwamala Town, Thrissur","https://housing.com/in/buy/resale/synthetic/synth-00552","Synthetic","35"
"3.5","2000","Thrissur","67.68","Puranattukara","3.38k/sq.ft","Ready to move","3.5 BHK Independent House in Puranattukara, Thrissur","https://housing.com/in/buy/resale/synthetic/synth-00553","Synthetic","35"
"3","2420","Thrissur","91.59","Kodungallur","3.78k/sq.ft","1st Mar, 2027","3 BHK Independent House in Kodungallur, Thrissur","https://housing.com/in/buy/resale/synthetic/synth-00554","Synthetic","35"
"3.5","1310","Thrissur","83.6","Vadookara","6.38k/sq.ft","Ready to move","3.5 BHK Independent House in Vadookara, Thrissur","https://housing.com/in/buy/resale/synthetic/synth-00555","Synthetic","35"
"2","2140","Thrissur","113.36","Irinjalakuda","5.30k/sq.ft","1st Nov, 2026","2 BHK Independent House in Irinjalakuda, Thrissur","https://housing.com/in/buy/resale/synthetic/synth-00556","Synthetic","35"
"4.5","2480","Thrissur","220.52","Velappaya, Killannur","8.89k/sq.ft","31st Mar, 2027","4.5 BHK Independent House in Velappaya, Killannur, Thrissur","https://housing.com/in/buy/resale/synthetic/synth-00557","Synthetic","35"
"4","2770","Thrissur","184.88","Vasanth Nagar","6.67k/sq.ft","1st May, 2027","4 BHK Independent House in Vasanth Nagar, Thrissur","https://housing.com/in/buy/resale/synthetic/synth-00558","Synthetic","35"
"2.5","2350","Thrissur","101.22","Koorkenchery","4.31k/sq.ft","Ready to move","2.5 BHK Independent House in Koorkenchery, Thrissur","https://housing.com/in/buy/resale/synthetic/synth-00559","Synthetic","35"
"2.5","2300","Thrissur","146.31","Chavakkad Town","6.36k/sq.ft","Ready to move","2.5 BHK Independent House in Chavakkad Town, Thrissur","https://housing.com/in/buy/resale/synthetic/synth-00560","Synthetic","35"
"3","1870","Thrissur","77.28","Mannuthy","4.13k/sq.ft","1st May, 2027","3 BHK Independent House in Mannuthy, Thrissur","https://housing.com/in/buy/resale/synthetic/synth-00561","Synthetic","36"
"3","2280","Thrissur","98.41","Wadakkanchery","4.32k/sq.ft","Ready to move","3 BHK Independent House in Wadakkanchery, Thrissur","https://housing.com/in/buy/resale/synthetic/synth-00562","Synthetic","36"
"4","1740","Thrissur","89.26","Poochatty","5.13k/sq.ft","Ready to move","4 BHK Independent House in Poochatty, Thrissur","https://housing.com/in/buy/resale/synthetic/synth-00563","Synthetic","36"
"4.5","2750","Thrissur","134.84","Cheroor","4.90k/sq.ft","Ready to move","4.5 BHK Independent House in Cheroor, Thrissur","https://housing.com/in/buy/resale/synthetic/synth-00564","Synthetic","36"
"4","2610","Thrissur","138.83","Nellikunnu","5.32k/sq.ft","15th Jan, 2027","4 BHK Independent House in Nellikunnu, Thrissur","https://housing.com/in/buy/resale/synthetic/synth-00565","Synthetic","36"
"2.5","1520","Thrissur","49.39","Varadiyam","3.25k/sq.ft","1st Oct, 2026","2.5 BHK Independent House in Varadiyam, Thrissur","https://housing.com/in/buy/resale/synthetic/synth-00566","Synthetic","36"
"1","980","Thrissur","28.56","Guruvayur","2.91k/sq.ft","15th Jan, 2027","1 BHK Independent House in Guruvayur, Thrissur","https://housing.com/in/buy/resale/synthetic/synth-00567","Synthetic","36"
"3.5","1770","Thrissur","61.5","Keltron Nagar, Kolazhy","3.47k/sq.ft","15th Jan, 2027","3.5 BHK Independent House in Keltron Nagar, Kolazhy, Thrissur","https://housing.com/in/buy/resale/synthetic/synth-00568","Synthetic","36"
"1","580","Thrissur","6.12","Minalur","1.06k/sq.ft","1st Apr, 2027","1 BHK Independent House in Minalur, Thrissur","https://housing.com/in/buy/resale/synthetic/synth-00569","Synthetic","36"
"5","1750","Thrissur","79.14","Jyothi Nagar","4.52k/sq.ft","Ready to move","5 BHK Independent House in Jyothi Nagar, Thrissur","https://housing.com/in/buy/resale/synthetic/synth-00570","Synthetic","36"
"3.5","2370","Thrissur","103.3","Shornur","4.36k/sq.ft","31st Mar, 2027","3.5 BHK Independent House in Shornur, Thrissur","https://housing.com/in/buy/resale/synthetic/synth-00571","Synthetic","36"
"4","900","Thrissur","26.46","Koorkenchery","2.94k/sq.ft","1st Dec, 2026","4 BHK Independent House in Koorkenchery, Thrissur","https://housing.com/in/buy/resale/synthetic/synth-00572","Synthetic","36"
"4","1230","Thrissur","28.99","Ollur","2.36k/sq.ft","1st Aug, 2027","4 BHK Independent House in Ollur, Thrissur","https://housing.com/in/buy/resale/synthetic/synth-00573","Synthetic","36"
"4","2350","Thrissur","141.56","Pariyaram","6.02k/sq.ft","1st May, 2027","4 BHK Independent House in Pariyaram, Thrissur","https://housing.com/in/buy/resale/synthetic/synth-00574","Synthetic","36"
"4","2110","Thrissur","98.98","Poochatty","4.69k/sq.ft","1st Mar, 2027","4 BHK Independent House in Poochatty, Thrissur","https://housing.com/in/buy/resale/synthetic/synth-00575","Synthetic","36"
"3","2200","Thrissur","76.53","Guruvayur","3.48k/sq.ft","1st Apr, 2027","3 BHK Independent House in Guruvayur, Thrissur","https://housing.com/in/buy/resale/synthetic/synth-00576","Synthetic","36"
"3","2190","Thrissur","91.97","East Nada","4.20k/sq.ft","Ready to move","3 BHK Independent House in East Nada, Thrissur","https://housing.com/in/buy/resale/synthetic/synth-00577","Synthetic","36"
"3.5","1460","Thrissur","109.23","Chelakkara","7.48k/sq.ft","1st May, 2027","3.5 BHK Independent House in Chelakkara, Thrissur","https://housing.com/in/buy/resale/synthetic/synth-00578","Synthetic","36"
"3","2370","Thrissur","78.61","Muppathadam","3.32k/sq.ft","1st Dec, 2026","3 BHK Independent House in Muppathadam, Thrissur","https://housing.com/in/buy/resale/synthetic/synth-00579","Synthetic","36"
"1.5","3240","Thrissur","121.79","Thiruvilwamala Town","3.76k/sq.ft","Ready to move","1.5 BHK Independent House in Thiruvilwamala Town, Thrissur","https://housing.com/in/buy/resale/synthetic/synth-00580","Synthetic","36"
"4","2400","Thrissur","222.51","Velappaya, Killannur","9.27k/sq.ft","1st Oct, 2026","4 BHK Independent House in Velappaya, Killannur, Thrissur","https://housing.com/in/buy/resale/synthetic/synth-00581","Synthetic","37"
"2.5","1870","Thrissur","102.98","Thiruvilwamala Town","5.51k/sq.ft","28th Feb, 2027","2.5 BHK Independent House in Thiruvilwamala Town, Thrissur","https://housing.com/in/buy/resale/synthetic/synth-00582","Synthetic","37"
"3","2030","Thrissur","96.69","Pallikkulam","4.76k/sq.ft","Ready to move","3 BHK Independent House in Pallikkulam, Thrissur","https://housing.com/in/buy/resale/synthetic/synth-00583","Synthetic","37"
"4","4430","Thrissur","194.02","Paravattani","4.38k/sq.ft","28th Feb, 2027","4 BHK Independent House in Paravattani, Thrissur","https://housing.com/in/buy/resale/synthetic/synth-00584","Synthetic","37"
"1.5","4120","Thrissur","205.92","Irinjalakuda","5.00k/sq.ft","Ready to move","1.5 BHK Independent House in Irinjalakuda, Thrissur","https://housing.com/in/buy/resale/synthetic/synth-00585","Synthetic","37"
"5","1620","Thrissur","79.99","Pandikkavu, Viyyoor","4.94k/sq.ft","28th Feb, 2027","5 BHK Independent House in Pandikkavu, Viyyoor, Thrissur","https://housing.com/in/buy/resale/synthetic/synth-00586","Synthetic","37"
"4.5","3560","Thrissur","205.05","Patturaikkal","5.76k/sq.ft","31st Mar, 2027","4.5 BHK Independent House in Patturaikkal, Thrissur","https://housing.com/in/buy/resale/synthetic/synth-00587","Synthetic","37"
"3","1810","Thrissur","64.06","Ollur","3.54k/sq.ft","15th Jan, 2027","3 BHK Independent House in Ollur, Thrissur","https://housing.com/in/buy/resale/synthetic/synth-00588","Synthetic","37"
"2.5","1860","Thrissur","106.28","Chiyyaram","5.71k/sq.ft","Ready to move","2.5 BHK Independent House in Chiyyaram, Thrissur","https://housing.com/in/buy/resale/synthetic/synth-00589","Synthetic","37"
"3","2300","Thrissur","65.86","Koorkenchery","2.86k/sq.ft","31st Mar, 2027","3 BHK Independent House in Koorkenchery, Thrissur","https://housing.com/in/buy/resale/synthetic/synth-00590","Synthetic","37"
"4","1580","Thrissur","75.68","Kuzhur","4.79k/sq.ft","1st Apr, 2027","4 BHK Independent House in Kuzhur, Thrissur","https://housing.com/in/buy/resale/synthetic/synth-00591","Synthetic","37"
"2.5","2140","Thrissur","86.42","North Nada","4.04k/sq.ft","Ready to move","2.5 BHK Independent House in North Nada, Thrissur","https://housing.com/in/buy/resale/synthetic/synth-00592","Synthetic","37"
"3","2220","Thrissur","82.8","Mannuthy","3.73k/sq.ft","Ready to move","3 BHK Independent House in Mannuthy, Thrissur","https://housing.com/in/buy/resale/synthetic/synth-00593","Synthetic","37"
"3.5","2360","Thrissur","63.53","Pavaratty Town","2.69k/sq.ft","1st Apr, 2027","3.5 BHK Independent House in Pavaratty Town, Thrissur","https://housing.com/in/buy/resale/synthetic/synth-00594","Synthetic","37"
"4","2880","Thrissur","151.05","Puthukkad","5.24k/sq.ft","1st Jun, 2027","4 BHK Independent House in Puthukkad, Thrissur","https://housing.com/in/buy/resale/synthetic/synth-00595","Synthetic","37"
"6","2400","Thrissur","95.9","Chalakudy","4.00k/sq.ft","Ready to move","6 BHK Independent House in Chalakudy, Thrissur","https://housing.com/in/buy/resale/synthetic/synth-00596","Synthetic","37"
"3.5","2130","Thrissur","95.34","North Nada","4.48k/sq.ft","1st Aug, 2027","3.5 BHK Independent House in North Nada, Thrissur","https://housing.com/in/buy/resale/synthetic/synth-00597","Synthetic","37"
"4","2880","Thrissur","210.37","West Fort, Ayyanthole","7.30k/sq.ft","Ready to move","4 BHK Independent House in West Fort, Ayyanthole, Thrissur","https://housing.com/in/buy/resale/synthetic/synth-00598","Synthetic","37"
"4.5","1810","Thrissur","59.4","Kolazhy","3.28k/sq.ft","Ready to move","4.5 BHK Independent House in Kolazhy, Thrissur","https://housing.com/in/buy/resale/synthetic/synth-00599","Synthetic","37"
"2","1510","Thrissur","47.16","Iringaprom","3.12k/sq.ft","Ready to move","2 BHK Independent House in Iringaprom, Thrissur","https://housing.com/in/buy/resale/synthetic/synth-00600","Synthetic","37"
"2.5","1890","Thrissur","93.93","Ollur","4.97k/sq.ft","1st Dec, 2026","2.5 BHK Independent House in Ollur, Thrissur","https://housing.com/in/buy/resale/synthetic/synth-00601","Synthetic","38"
"2.5","2920","Thrissur","88.7","Guruvayur","3.04k/sq.ft","1st Apr, 2027","2.5 BHK Independent House in Guruvayur, Thrissur","https://housing.com/in/buy/resale/synthetic/synth-00602","Synthetic","38"
"4","1910","Thrissur","87.78","Poochatty","4.60k/sq.ft","1st Feb, 2027","4 BHK Independent House in Poochatty, Thrissur","https://housing.com/in/buy/resale/synthetic/synth-00603","Synthetic","38"
"3","2020","Thrissur","90.71","Kunnamkulam","4.49k/sq.ft","1st Sep, 2026","3 BHK Independent House in Kunnamkulam, Thrissur","https://housing.com/in/buy/resale/synthetic/synth-00604","Synthetic","38"
"3","2120","Thrissur","97.4","Kottapadi","4.59k/sq.ft","1st Apr, 2027","3 BHK Independent House in Kottapadi, Thrissur","https://housing.com/in/buy/resale/synthetic/synth-00605","Synthetic","38"
"2","1760","Thrissur","104.1","Chavakkad Beach","5.91k/sq.ft","1st Jan, 2027","2 BHK Independent House in Chavakkad Beach, Thrissur","https://housing.com/in/buy/resale/synthetic/synth-00606","Synthetic","38"
"3","2860","Thrissur","114.71","Kottekkad, Kuttoor","4.01k/sq.ft","15th Jan, 2027","3 BHK Independent House in Kottekkad, Kuttoor, Thrissur","https://housing.com/in/buy/resale/synthetic/synth-00607","Synthetic","38"
"5","2890","Thrissur","70.8","Chalakudy","2.45k/sq.ft","15th Jan, 2027","5 BHK Independent House in Chalakudy, Thrissur","https://housing.com/in/buy/resale/synthetic/synth-00608","Synthetic","38"
"3.5","2910","Thrissur","147.93","Kizhakkumpattukara","5.08k/sq.ft","Ready to move","3.5 BHK Independent House in Kizhakkumpattukara, Thrissur","https://housing.com/in/buy/resale/synthetic/synth-00609","Synthetic","38"
"4.5","6600","Thrissur","691.92","Kuttanellur","10.48k/sq.ft","Ready to move","4.5 BHK Independent House in Kuttanellur, Thrissur","https://housing.com/in/buy/resale/synthetic/synth-00610","Synthetic","38"
"3","1960","Thrissur","81.36","Kalathode","4.15k/sq.ft","31st Mar, 2027","3 BHK Independent House in Kalathode, Thrissur","https://housing.com/in/buy/resale/synthetic/synth-00611","Synthetic","38"
"4","1900","Thrissur","95.35","Nadathara","5.02k/sq.ft","Ready to move","4 BHK Independent House in Nadathara, Thrissur","https://housing.com/in/buy/resale/synthetic/synth-00612","Synthetic","38"
"2.5","1010","Thrissur","70.61","Irinjalakuda","6.99k/sq.ft","Ready to move","2.5 BHK Independent House in Irinjalakuda, Thrissur","https://housing.com/in/buy/resale/synthetic/synth-00613","Synthetic","38"
"4.5","1640","Thrissur","101.84","Chembukkav","6.21k/sq.ft","1st Jan, 2027","4.5 BHK Independent House in Chembukkav, Thrissur","https://housing.com/in/buy/resale/synthetic/synth-00614","Synthetic","38"
"2.5","2430","Thrissur","211.12","Irinjalakuda","8.69k/sq.ft","1st Sep, 2026","2.5 BHK Independent House in Irinjalakuda, Thrissur","https://housing.com/in/buy/resale/synthetic/synth-00615","Synthetic","38"
"4","1820","Thrissur","83.84","Vellangallur","4.61k/sq.ft","1st Apr, 2027","4 BHK Independent House in Vellangallur, Thrissur","https://housing.com/in/buy/resale/synthetic/synth-00616","Synthetic","38"
"3.5","1280","Thrissur","52.68","Guruvayur","4.12k/sq.ft","1st Mar, 2027","3.5 BHK Independent House in Guruvayur, Thrissur","https://housing.com/in/buy/resale/synthetic/synth-00617","Synthetic","38"
"3","2030","Thrissur","94.79","Palayoor","4.67k/sq.ft","1st Aug, 2027","3 BHK Independent House in Palayoor, Thrissur","https://housing.com/in/buy/resale/synthetic/synth-00618","Synthetic","38"
"5","2290","Thrissur","86.69","Mannuthy","3.79k/sq.ft","Ready to move","5 BHK Independent House in Mannuthy, Thrissur","https://housing.com/in/buy/resale/synthetic/synth-00619","Synthetic","38"
"4.5","2080","Thrissur","219.46","Kuttanellur","10.55k/sq.ft","Ready to move","4.5 BHK Independent House in Kuttanellur, Thrissur","https://housing.com/in/buy/resale/synthetic/synth-00620","Synthetic","38"
"3.5","1560","Thrissur","72.49","Nellikunnu","4.65k/sq.ft","Ready to move","3.5 BHK Independent House in Nellikunnu, Thrissur","https://housing.com/in/buy/resale/synthetic/synth-00621","Synthetic","39"
"4.5","3440","Thrissur","104.61","Mathilakam","3.04k/sq.ft","Ready to move","4.5 BHK Independent House in Mathilakam, Thrissur","https://housing.com/in/buy/resale/synthetic/synth-00622","Synthetic","39"
"3.5","1310","Thrissur","48.07","Irinjalakuda","3.67k/sq.ft","Ready to move","3.5 BHK Independent House in Irinjalakuda, Thrissur","https://housing.com/in/buy/resale/synthetic/synth-00623","Synthetic","39"
"3","1140","Thrissur","65.12","Wadakkanchery","5.71k/sq.ft","1st Mar, 2027","3 BHK Independent House in Wadakkanchery, Thrissur","https://housing.com/in/buy/resale/synthetic/synth-00624","Synthetic","39"
"3.5","3930","Thrissur","313.24","Puzhakkal","7.97k/sq.ft","Ready to move","3.5 BHK Independent House in Puzhakkal, Thrissur","https://housing.com/in/buy/resale/synthetic/synth-00625","Synthetic","39"
"3","2080","Thrissur","110.21","Kechery","5.30k/sq.ft","1st Nov, 2026","3 BHK Independent House in Kechery, Thrissur","https://housing.com/in/buy/resale/synthetic/synth-00626","Synthetic","39"
"4.5","300","Thrissur","16.28","Koorkenchery","5.43k/sq.ft","1st Aug, 2027","4.5 BHK Independent House in Koorkenchery, Thrissur","https://housing.com/in/buy/resale/synthetic/synth-00627","Synthetic","39"
"4","1810","Thrissur","72.07","Nellikunnu","3.98k/sq.ft","Ready to move","4 BHK Independent House in Nellikunnu, Thrissur","https://housing.com/in/buy/resale/synthetic/synth-00628","Synthetic","39"
"3","1610","Thrissur","46.23","Guruvayur","2.87k/sq.ft","1st Dec, 2026","3 BHK Independent House in Guruvayur, Thrissur","https://housing.com/in/buy/resale/synthetic/synth-00629","Synthetic","39"
"3.5","3070","Thrissur","203.06","Pandikkavu, Viyyoor","6.61k/sq.ft","1st Aug, 2027","3.5 BHK Independent House in Pandikkavu, Viyyoor, Thrissur","https://housing.com/in/buy/resale/synthetic/synth-00630","Synthetic","39"
"2.5","1930","Thrissur","88.36","Thiroor","4.58k/sq.ft","1st May, 2027","2.5 BHK Independent House in Thiroor, Thrissur","https://housing.com/in/buy/resale/synthetic/synth-00631","Synthetic","39"
"3.5","1480","Thrissur","70.73","Nattika","4.78k/sq.ft","1st Jan, 2027","3.5 BHK Independent House in Nattika, Thrissur","https://housing.com/in/buy/resale/synthetic/synth-00632","Synthetic","39"
"3","2260","Thrissur","35.12","Ayyanthole","1.55k/sq.ft","Ready to move","3 BHK Independent House in Ayyanthole, Thrissur","https://housing.com/in/buy/resale/synthetic/synth-00633","Synthetic","39"
"2.5","1510","Thrissur","77.74","Kondazhy","5.15k/sq.ft","1st Nov, 2026","2.5 BHK Independent House in Kondazhy, Thrissur","https://housing.com/in/buy/resale/synthetic/synth-00634","Synthetic","39"
"4","4710","Thrissur","206.55","Paravattani","4.39k/sq.ft","1st Jan, 2027","4 BHK Independent House in Paravattani, Thrissur","https://housing.com/in/buy/resale/synthetic/synth-00635","Synthetic","39"
"3","1790","Thrissur","68.44","Chalakudy Municipal Central Market, Chalakudy","3.82k/sq.ft","1st Nov, 2026","3 BHK Independent House in Chalakudy Municipal Central Market, Chalakudy, Thrissur","https://housing.com/in/buy/resale/synthetic/synth-00636","Synthetic","39"
"3.5","2580","Thrissur","195.4","Irinjalakuda","7.57k/sq.ft","1st Jul, 2027","3.5 BHK Independent House in Irinjalakuda, Thrissur","https://housing.com/in/buy/resale/synthetic/synth-00637","Synthetic","39"
"2","2820","Thrissur","108.71","Thrissur Rural","3.85k/sq.ft","Ready to move","2 BHK Independent House in Thrissur Rural, Thrissur","https://housing.com/in/buy/resale/synthetic/synth-00638","Synthetic","39"
"3.5","2530","Thrissur","101.49","Mannuthy","4.01k/sq.ft","1st Dec, 2026","3.5 BHK Independent House in Mannuthy, Thrissur","https://housing.com/in/buy/resale/synthetic/synth-00639","Synthetic","39"
"2.5","360","Thrissur","15.62","Koorkenchery","4.34k/sq.ft","1st Oct, 2026","2.5 BHK Independent House in Koorkenchery, Thrissur","https://housing.com/in/buy/resale/synthetic/synth-00640","Synthetic","39"
"3.5","2570","Thrissur","85.62","Chavakkad Town","3.33k/sq.ft","1st Jun, 2027","3.5 BHK Independent House in Chavakkad Town, Thrissur","https://housing.com/in/buy/resale/synthetic/synth-00641","Synthetic","40"
"2","1580","Thrissur","50.94","Mukkattukara","3.22k/sq.ft","Ready to move","2 BHK Independent House in Mukkattukara, Thrissur","https://housing.com/in/buy/resale/synthetic/synth-00642","Synthetic","40"
"1","1490","Thrissur","87.07","Irinjalakuda","5.84k/sq.ft","1st Aug, 2027","1 BHK Independent House in Irinjalakuda, Thrissur","https://housing.com/in/buy/resale/synthetic/synth-00643","Synthetic","40"
"4.5","2110","Thrissur","84.64","Kolazhy","4.01k/sq.ft","1st Oct, 2026","4.5 BHK Independent House in Kolazhy, Thrissur","https://housing.com/in/buy/resale/synthetic/synth-00644","Synthetic","40"
"4","1840","Thrissur","51.9","Valappad","2.82k/sq.ft","1st Dec, 2026","4 BHK Independent House in Valappad, Thrissur","https://housing.com/in/buy/resale/synthetic/synth-00645","Synthetic","40"
"3.5","1910","Thrissur","99.28","Chalakudy Town","5.20k/sq.ft","Ready to move","3.5 BHK Independent House in Chalakudy Town, Thrissur","https://housing.com/in/buy/resale/synthetic/synth-00646","Synthetic","40"
"3","1100","Thrissur","46.04","Vellanikkara","4.19k/sq.ft","1st Jul, 2027","3 BHK Independent House in Vellanikkara, Thrissur","https://housing.com/in/buy/resale/synthetic/synth-00647","Synthetic","40"
"3.5","2710","Thrissur","90.1","Guruvayur","3.32k/sq.ft","1st Oct, 2026","3.5 BHK Independent House in Guruvayur, Thrissur","https://housing.com/in/buy/resale/synthetic/synth-00648","Synthetic","40"
"2.5","2110","Thrissur","96.2","Guruvayur","4.56k/sq.ft","1st Dec, 2026","2.5 BHK Independent House in Guruvayur, Thrissur","https://housing.com/in/buy/resale/synthetic/synth-00649","Synthetic","40"
"4.5","1820","Thrissur","146.54","Chembukkav","8.05k/sq.ft","15th Jan, 2027","4.5 BHK Independent House in Chembukkav, Thrissur","https://housing.com/in/buy/resale/synthetic/synth-00650","Synthetic","40"
"3.5","1870","Thrissur","50.77","Keltron Nagar, Kolazhy","2.71k/sq.ft","Ready to move","3.5 BHK Independent House in Keltron Nagar, Kolazhy, Thrissur","https://housing.com/in/buy/resale/synthetic/synth-00651","Synthetic","40"
"4","1920","Thrissur","80.9","Mannuthy","4.21k/sq.ft","1st May, 2027","4 BHK Independent House in Mannuthy, Thrissur","https://housing.com/in/buy/resale/synthetic/synth-00652","Synthetic","40"
"4","1660","Thrissur","66.62","Valappad","4.01k/sq.ft","1st Aug, 2027","4 BHK Independent House in Valappad, Thrissur","https://housing.com/in/buy/resale/synthetic/synth-00653","Synthetic","40"
"1","300","Thrissur","3.0","Minalur","959.00/sq.ft","Ready to move","1 BHK Independent House in Minalur, Thrissur","https://housing.com/in/buy/resale/synthetic/synth-00654","Synthetic","40"
"4.5","2400","Thrissur","85.43","Nellikunnu","3.56k/sq.ft","1st Oct, 2026","4.5 BHK Independent House in Nellikunnu, Thrissur","https://housing.com/in/buy/resale/synthetic/synth-00655","Synthetic","40"
"3","1640","Thrissur","24.89","Chalakudy","1.52k/sq.ft","1st Jan, 2027","3 BHK Independent House in Chalakudy, Thrissur","https://housing.com/in/buy/resale/synthetic/synth-00656","Synthetic","40"
"2.5","2060","Thrissur","108.69","Nattika","5.28k/sq.ft","Ready to move","2.5 BHK Independent House in Nattika, Thrissur","https://housing.com/in/buy/resale/synthetic/synth-00657","Synthetic","40"
"3.5","1710","Thrissur","71.52","Chalakudy Municipal Central Market, Chalakudy","4.18k/sq.ft","1st Jul, 2027","3.5 BHK Independent House in Chalakudy Municipal Central Market, Chalakudy, Thrissur","https://housing.com/in/buy/resale/synthetic/synth-00658","Synthetic","40"
"4","2450","Thrissur","136.9","Cheroor","5.59k/sq.ft","Ready to move","4 BHK Independent House in Cheroor, Thrissur","https://housing.com/in/buy/resale/synthetic/synth-00659","Synthetic","40"
"3.5","3030","Thrissur","340.66","Vasanth Nagar","11.24k/sq.ft","Ready to move","3.5 BHK Independent House in Vasanth Nagar, Thrissur","https://housing.com/in/buy/resale/synthetic/synth-00660","Synthetic","40"
"6","2180","Thrissur","68.32","Kuriachira","3.13k/sq.ft","Ready to move","6 BHK Independent House in Kuriachira, Thrissur","https://housing.com/in/buy/resale/synthetic/synth-00661","Synthetic","41"
"3.5","2170","Thrissur","131.56","Arimbur","6.06k/sq.ft","Ready to move","3.5 BHK Independent House in Arimbur, Thrissur","https://housing.com/in/buy/resale/synthetic/synth-00662","Synthetic","41"
"2.5","2740","Thrissur","90.39","Pavaratty Town","3.30k/sq.ft","Ready to move","2.5 BHK Independent House in Pavaratty Town, Thrissur","https://housing.com/in/buy/resale/synthetic/synth-00663","Synthetic","41"
"3.5","1890","Thrissur","69.9","Keetholi, Kodungallur","3.70k/sq.ft","Ready to move","3.5 BHK Independent House in Keetholi, Kodungallur, Thrissur","https://housing.com/in/buy/resale/synthetic/synth-00664","Synthetic","41"
"3","3940","Thrissur","218.24","Amalanagar","5.54k/sq.ft","Ready to move","3 BHK Independent House in Amalanagar, Thrissur","https://housing.com/in/buy/resale/synthetic/synth-00665","Synthetic","41"
"3","1200","Thrissur","50.74","Maruthayoor","4.23k/sq.ft","Ready to move","3 BHK Independent House in Maruthayoor, Thrissur","https://housing.com/in/buy/resale/synthetic/synth-00666","Synthetic","41"
"1","1010","Thrissur","48.78","Puranattukara","4.83k/sq.ft","1st Apr, 2027","1 BHK Independent House in Puranattukara, Thrissur","https://housing.com/in/buy/resale/synthetic/synth-00667","Synthetic","41"
"4","3090","Thrissur","64.38","Chalakudy","2.08k/sq.ft","1st Jul, 2027","4 BHK Independent House in Chalakudy, Thrissur","https://housing.com/in/buy/resale/synthetic/synth-00668","Synthetic","41"
"5","2870","Thrissur","141.37","Meloor","4.93k/sq.ft","Ready to move","5 BHK Independent House in Meloor, Thrissur","https://housing.com/in/buy/resale/synthetic/synth-00669","Synthetic","41"
"4","2790","Thrissur","136.16","Triprayar","4.88k/sq.ft","Ready to move","4 BHK Independent House in Triprayar, Thrissur","https://housing.com/in/buy/resale/synthetic/synth-00670","Synthetic","41"
"3.5","2210","Thrissur","142.47","Punkunnam","6.45k/sq.ft","1st Apr, 2027","3.5 BHK Independent House in Punkunnam, Thrissur","https://housing.com/in/buy/resale/synthetic/synth-00671","Synthetic","41"
"3.5","1090","Thrissur","79.58","Punkunnam","7.30k/sq.ft","Ready to move","3.5 BHK Independent House in Punkunnam, Thrissur","https://housing.com/in/buy/resale/synthetic/synth-00672","Synthetic","41"
"3","2160","Thrissur","103.94","Peringottukara","4.81k/sq.ft","1st Jul, 2027","3 BHK Independent House in Peringottukara, Thrissur","https://housing.com/in/buy/resale/synthetic/synth-00673","Synthetic","41"
"3.5","1390","Thrissur","56.14","Valappad","4.04k/sq.ft","1st Mar, 2027","3.5 BHK Independent House in Valappad, Thrissur","https://housing.com/in/buy/resale/synthetic/synth-00674","Synthetic","41"
"4","3090","Thrissur","229.42","West Fort, Ayyanthole","7.42k/sq.ft","Ready to move","4 BHK Independent House in West Fort, Ayyanthole, Thrissur","https://housing.com/in/buy/resale/synthetic/synth-00675","Synthetic","41"
"2.5","2850","Thrissur","143.42","Kumaranellur","5.03k/sq.ft","Ready to move","2.5 BHK Independent House in Kumaranellur, Thrissur","https://housing.com/in/buy/resale/synthetic/synth-00676","Synthetic","41"
"4.5","2350","Thrissur","78.77","Kuriachira","3.35k/sq.ft","1st Sep, 2026","4.5 BHK Independent House in Kuriachira, Thrissur","https://housing.com/in/buy/resale/synthetic/synth-00677","Synthetic","41"
"3","2050","Thrissur","93.29","Muthuvattoor","4.55k/sq.ft","Ready to move","3 BHK Independent House in Muthuvattoor, Thrissur","https://housing.com/in/buy/resale/synthetic/synth-00678","Synthetic","41"
"2.5","790","Thrissur","32.62","Guruvayur","4.13k/sq.ft","1st Dec, 2026","2.5 BHK Independent House in Guruvayur, Thrissur","https://housing.com/in/buy/resale/synthetic/synth-00679","Synthetic","41"
"3","2010","Thrissur","74.25","Muthuvattoor","3.69k/sq.ft","Ready to move","3 BHK Independent House in Muthuvattoor, Thrissur","https://housing.com/in/buy/resale/synthetic/synth-00680","Synthetic","41"
"3.5","1610","Thrissur","53.08","Kottapuram, Kodungallur","3.30k/sq.ft","1st Jul, 2027","3.5 BHK Independent House in Kottapuram, Kodungallur, Thrissur","https://housing.com/in/buy/resale/synthetic/synth-00681","Synthetic","42"
"3.5","2150","Thrissur","82.69","Poothole","3.85k/sq.ft","Ready to move","3.5 BHK Independent House in Poothole, Thrissur","https://housing.com/in/buy/resale/synthetic/synth-00682","Synthetic","42"
"4","300","Thrissur","6.62","Irinjalakuda","2.21k/sq.ft","1st Jul, 2027","4 BHK Independent House in Irinjalakuda, Thrissur","https://housing.com/in/buy/resale/synthetic/synth-00683","Synthetic","42"
"2.5","2240","Thrissur","157.29","Ollur","7.02k/sq.ft","1st Nov, 2026","2.5 BHK Independent House in Ollur, Thrissur","https://housing.com/in/buy/resale/synthetic/synth-00684","Synthetic","42"
"3","3140","Thrissur","204.73","Chavakkad Beach","6.52k/sq.ft","Ready to move","3 BHK Independent House in Chavakkad Beach, Thrissur","https://housing.com/in/buy/resale/synthetic/synth-00685","Synthetic","42"
"4","1890","Thrissur","63.22","Irinjalakuda","3.35k/sq.ft","1st Jul, 2027","4 BHK Independent House in Irinjalakuda, Thrissur","https://housing.com/in/buy/resale/synthetic/synth-00686","Synthetic","42"
"4.5","1580","Thrissur","65.83","Jyothi Nagar","4.17k/sq.ft","31st Mar, 2027","4.5 BHK Independent House in Jyothi Nagar, Thrissur","https://housing.com/in/buy/resale/synthetic/synth-00687","Synthetic","42"
"3","2160","Thrissur","96.61","Kottapadi","4.47k/sq.ft","1st Jul, 2027","3 BHK Independent House in Kottapadi, Thrissur","https://housing.com/in/buy/resale/synthetic/synth-00688","Synthetic","42"
"3","1480","Thrissur","93.43","Koorkenchery","6.31k/sq.ft","Ready to move","3 BHK Independent House in Koorkenchery, Thrissur","https://housing.com/in/buy/resale/synthetic/synth-00689","Synthetic","42"
"1","1520","Thrissur","92.11","Chalakudy Town","6.06k/sq.ft","Ready to move","1 BHK Independent House in Chalakudy Town, Thrissur","https://housing.com/in/buy/resale/synthetic/synth-00690","Synthetic","42"
"3.5","2930","Thrissur","87.37","Kunnamkulam Town","2.98k/sq.ft","Ready to move","3.5 BHK Independent House in Kunnamkulam Town, Thrissur","https://housing.com/in/buy/resale/synthetic/synth-00691","Synthetic","42"
"3","4280","Thrissur","151.42","Chalakudy","3.54k/sq.ft","1st Jul, 2027","3 BHK Independent House in Chalakudy, Thrissur","https://housing.com/in/buy/resale/synthetic/synth-00692","Synthetic","42"
"3.5","1780","Thrissur","156.65","Irinjalakuda","8.80k/sq.ft","1st Nov, 2026","3.5 BHK Independent House in Irinjalakuda, Thrissur","https://housing.com/in/buy/resale/synthetic/synth-00693","Synthetic","42"
"3.5","1120","Thrissur","65.13","Chiyyaram","5.82k/sq.ft","1st Jul, 2027","3.5 BHK Independent House in Chiyyaram, Thrissur","https://housing.com/in/buy/resale/synthetic/synth-00694","Synthetic","42"
"3","1940","Thrissur","87.08","North Nada","4.49k/sq.ft","Ready to move","3 BHK Independent House in North Nada, Thrissur","https://housing.com/in/buy/resale/synthetic/synth-00695","Synthetic","42"
"2.5","1970","Thrissur","82.34","Muthuvattoor","4.18k/sq.ft","Ready to move","2.5 BHK Independent House in Muthuvattoor, Thrissur","https://housing.com/in/buy/resale/synthetic/synth-00696","Synthetic","42"
"3.5","1540","Thrissur","67.94","Vadookara","4.41k/sq.ft","Ready to move","3.5 BHK Independent House in Vadookara, Thrissur","https://housing.com/in/buy/resale/synthetic/synth-00697","Synthetic","42"
"2","2610","Thrissur","89.3","Koorkenchery","3.42k/sq.ft","1st Jul, 2027","2 BHK Independent House in Koorkenchery, Thrissur","https://housing.com/in/buy/resale/synthetic/synth-00698","Synthetic","42"
"3","1790","Thrissur","138.22","Chelakkara","7.72k/sq.ft","Ready to move","3 BHK Independent House in Chelakkara, Thrissur","https://housing.com/in/buy/resale/synthetic/synth-00699","Synthetic","42"
"4","300","Thrissur","8.75","Guruvayur","2.92k/sq.ft","1st Aug, 2027","4 BHK Independent House in Guruvayur, Thrissur","https://housing.com/in/buy/resale/synthetic/synth-00700","Synthetic","42"
"5","2150","Thrissur","92.21","Mannuthy","4.29k/sq.ft","1st Aug, 2027","5 BHK Independent House in Mannuthy, Thrissur","https://housing.com/in/buy/resale/synthetic/synth-00701","Synthetic","43"
"4.5","3130","Thrissur","235.06","West Fort, Ayyanthole","7.51k/sq.ft","Ready to move","4.5 BHK Independent House in West Fort, Ayyanthole, Thrissur","https://housing.com/in/buy/resale/synthetic/synth-00702","Synthetic","43"
"6","2700","Thrissur","139.89","Chembukkav","5.18k/sq.ft","Ready to move","6 BHK Independent House in Chembukkav, Thrissur","https://housing.com/in/buy/resale/synthetic/synth-00703","Synthetic","43"
"4.5","880","Thrissur","5.79","Irinjalakuda","658.00/sq.ft","1st Feb, 2027","4.5 BHK Independent House in Irinjalakuda, Thrissur","https://housing.com/in/buy/resale/synthetic/synth-00704","Synthetic","43"
"1.5","1880","Thrissur","67.34","Mukkattukara","3.58k/sq.ft","1st Mar, 2027","1.5 BHK Independent House in Mukkattukara, Thrissur","https://housing.com/in/buy/resale/synthetic/synth-00705","Synthetic","43"
"3.5","1210","Thrissur","28.97","Mala","2.39k/sq.ft","1st Mar, 2027","3.5 BHK Independent House in Mala, Thrissur","https://housing.com/in/buy/resale/synthetic/synth-00706","Synthetic","43"
"2","2550","Thrissur","142.24","Chowannur","5.58k/sq.ft","1st Sep, 2026","2 BHK Independent House in Chowannur, Thrissur","https://housing.com/in/buy/resale/synthetic/synth-00707","Synthetic","43"
"3.5","3030","Thrissur","336.95","Vasanth Nagar","11.12k/sq.ft","Ready to move","3.5 BHK Independent House in Vasanth Nagar, Thrissur","https://housing.com/in/buy/resale/synthetic/synth-00708","Synthetic","43"
"2.5","3100","Thrissur","132.98","Thirumarady","4.29k/sq.ft","Ready to move","2.5 BHK Independent House in Thirumarady, Thrissur","https://housing.com/in/buy/resale/synthetic/synth-00709","Synthetic","43"
"4","2060","Thrissur","97.73","Thiruvilwamala Town","4.74k/sq.ft","1st Aug, 2027","4 BHK Independent House in Thiruvilwamala Town, Thrissur","https://housing.com/in/buy/resale/synthetic/synth-00710","Synthetic","43"
"4","2770","Thrissur","275.66","Kuttanellur","9.95k/sq.ft","1st Dec, 2026","4 BHK Independent House in Kuttanellur, Thrissur","https://housing.com/in/buy/resale/synthetic/synth-00711","Synthetic","43"
"3.5","1920","Thrissur","88.03","West Nada","4.58k/sq.ft","Ready to move","3.5 BHK Independent House in West Nada, Thrissur","https://housing.com/in/buy/resale/synthetic/synth-00712","Synthetic","43"
"4","750","Thrissur","3.75","Guruvayur","500.00/sq.ft","1st Jul, 2027","4 BHK Independent House in Guruvayur, Thrissur","https://housing.com/in/buy/resale/synthetic/synth-00713","Synthetic","43"
"2","2160","Thrissur","87.92","Perinchery","4.07k/sq.ft","Ready to move","2 BHK Independent House in Perinchery, Thrissur","https://housing.com/in/buy/resale/synthetic/synth-00714","Synthetic","43"
"3.5","860","Thrissur","17.33","Chalakudy","2.02k/sq.ft","1st Jan, 2027","3.5 BHK Independent House in Chalakudy, Thrissur","https://housing.com/in/buy/resale/synthetic/synth-00715","Synthetic","43"
"4","2490","Thrissur","228.93","Kuttanellur","9.19k/sq.ft","1st Apr, 2027","4 BHK Independent House in Kuttanellur, Thrissur","https://housing.com/in/buy/resale/synthetic/synth-00716","Synthetic","43"
"2.5","2670","Thrissur","152.44","Ayyanthole","5.71k/sq.ft","Ready to move","2.5 BHK Independent House in Ayyanthole, Thrissur","https://housing.com/in/buy/resale/synthetic/synth-00717","Synthetic","43"
"4","4250","Thrissur","313.69","Kuttanellur","7.38k/sq.ft","1st Aug, 2027","4 BHK Independent House in Kuttanellur, Thrissur","https://housing.com/in/buy/resale/synthetic/synth-00718","Synthetic","43"
"3.5","2000","Thrissur","66.98","Naikkanal","3.35k/sq.ft","1st Nov, 2026","3.5 BHK Independent House in Naikkanal, Thrissur","https://housing.com/in/buy/resale/synthetic/synth-00719","Synthetic","43"
"3.5","1920","Thrissur","88.52","North Nada","4.61k/sq.ft","1st May, 2027","3.5 BHK Independent House in North Nada, Thrissur","https://housing.com/in/buy/resale/synthetic/synth-00720","Synthetic","43"
"2","2630","Thrissur","55.99","Koorkenchery","2.13k/sq.ft","Ready to move","2 BHK Independent House in Koorkenchery, Thrissur","https://housing.com/in/buy/resale/synthetic/synth-00721","Synthetic","44"
"5","2830","Thrissur","146.62","Meloor","5.18k/sq.ft","Ready to move","5 BHK Independent House in Meloor, Thrissur","https://housing.com/in/buy/resale/synthetic/synth-00722","Synthetic","44"
"3","1210","Thrissur","49.65","Nedupurha","4.10k/sq.ft","1st Jun, 2027","3 BHK Independent House in Nedupurha, Thrissur","https://housing.com/in/buy/resale/synthetic/synth-00723","Synthetic","44"
"5","3710","Thrissur","109.22","Pottore, Killannur","2.94k/sq.ft","1st Jul, 2027","5 BHK Independent House in Pottore, Killannur, Thrissur","https://housing.com/in/buy/resale/synthetic/synth-00724","Synthetic","44"
"3","1720","Thrissur","115.49","Kuttanellur","6.71k/sq.ft","1st Oct, 2026","3 BHK Independent House in Kuttanellur, Thrissur","https://housing.com/in/buy/resale/synthetic/synth-00725","Synthetic","44"
"3","2560","Thrissur","98.66","Thiruvilwamala Town","3.85k/sq.ft","Ready to move","3 BHK Independent House in Thiruvilwamala Town, Thrissur","https://housing.com/in/buy/resale/synthetic/synth-00726","Synthetic","44"
"3","1890","Thrissur","87.84","Paluvai","4.65k/sq.ft","1st Apr, 2027","3 BHK Independent House in Paluvai, Thrissur","https://housing.com/in/buy/resale/synthetic/synth-00727","Synthetic","44"
"4","2840","Thrissur","204.5","Vasanth Nagar","7.20k/sq.ft","Ready to move","4 BHK Independent House in Vasanth Nagar, Thrissur","https://housing.com/in/buy/resale/synthetic/synth-00728","Synthetic","44"
"5","3630","Thrissur","149.29","Marathakkara","4.11k/sq.ft","28th Feb, 2027","5 BHK Independent House in Marathakkara, Thrissur","https://housing.com/in/buy/resale/synthetic/synth-00729","Synthetic","44"
"3","1850","Thrissur","80.12","Mammiyoor","4.33k/sq.ft","1st Oct, 2026","3 BHK Independent House in Mammiyoor, Thrissur","https://housing.com/in/buy/resale/synthetic/synth-00730","Synthetic","44"
"3","2300","Thrissur","98.08","Guruvayur","4.26k/sq.ft","Ready to move","3 BHK Independent House in Guruvayur, Thrissur","https://housing.com/in/buy/resale/synthetic/synth-00731","Synthetic","44"
"3","1860","Thrissur","93.75","Keltron Nagar, Kolazhy","5.04k/sq.ft","Ready to move","3 BHK Independent House in Keltron Nagar, Kolazhy, Thrissur","https://housing.com/in/buy/resale/synthetic/synth-00732","Synthetic","44"
"3.5","1690","Thrissur","69.95","Guruvayur","4.14k/sq.ft","1st Sep, 2026","3.5 BHK Independent House in Guruvayur, Thrissur","https://housing.com/in/buy/resale/synthetic/synth-00733","Synthetic","44"
"3.5","1090","Thrissur","25.06","Mala","2.30k/sq.ft","1st Jul, 2027","3.5 BHK Independent House in Mala, Thrissur","https://housing.com/in/buy/resale/synthetic/synth-00734","Synthetic","44"
"3","2990","Thrissur","127.66","Chiyyaram","4.27k/sq.ft","1st Jun, 2027","3 BHK Independent House in Chiyyaram, Thrissur","https://housing.com/in/buy/resale/synthetic/synth-00735","Synthetic","44"
"2.5","1690","Thrissur","105.0","Perinchery","6.21k/sq.ft","Ready to move","2.5 BHK Independent House in Perinchery, Thrissur","https://housing.com/in/buy/resale/synthetic/synth-00736","Synthetic","44"
"3","2260","Thrissur","158.97","Kottekkad, Kuttoor","7.03k/sq.ft","1st Nov, 2026","3 BHK Independent House in Kottekkad, Kuttoor, Thrissur","https://housing.com/in/buy/resale/synthetic/synth-00737","Synthetic","44"
"3","1550","Thrissur","70.2","Chalakudy Municipal Central Market, Chalakudy","4.53k/sq.ft","Ready to move","3 BHK Independent House in Chalakudy Municipal Central Market, Chalakudy, Thrissur","https://housing.com/in/buy/resale/synthetic/synth-00738","Synthetic","44"
"3","2090","Thrissur","93.24","Paluvai","4.46k/sq.ft","28th Feb, 2027","3 BHK Independent House in Paluvai, Thrissur","https://housing.com/in/buy/resale/synthetic/synth-00739","Synthetic","44"
"4","2490","Thrissur","100.25","Kottekkad, Kuttoor","4.03k/sq.ft","1st Dec, 2026","4 BHK Independent House in Kottekkad, Kuttoor, Thrissur","https://housing.com/in/buy/resale/synthetic/synth-00740","Synthetic","44"
"2.5","1950","Thrissur","84.19","Kalathode","4.32k/sq.ft","1st Aug, 2027","2.5 BHK Independent House in Kalathode, Thrissur","https://housing.com/in/buy/resale/synthetic/synth-00741","Synthetic","45"
"3","1300","Thrissur","69.77","Nalukettu","5.37k/sq.ft","Ready to move","3 BHK Independent House in Nalukettu, Thrissur","https://housing.com/in/buy/resale/synthetic/synth-00742","Synthetic","45"
"3","2340","Thrissur","188.82","Chembukkav","8.07k/sq.ft","Ready to move","3 BHK Independent House in Chembukkav, Thrissur","https://housing.com/in/buy/resale/synthetic/synth-00743","Synthetic","45"
"2.5","1930","Thrissur","66.04","Poothole","3.42k/sq.ft","Ready to move","2.5 BHK Independent House in Poothole, Thrissur","https://housing.com/in/buy/resale/synthetic/synth-00744","Synthetic","45"
"4","1980","Thrissur","92.23","Nadathara","4.66k/sq.ft","1st Jul, 2027","4 BHK Independent House in Nadathara, Thrissur","https://housing.com/in/buy/resale/synthetic/synth-00745","Synthetic","45"
"1.5","890","Thrissur","39.08","Maruthayoor","4.39k/sq.ft","1st Aug, 2027","1.5 BHK Independent House in Maruthayoor, Thrissur","https://housing.com/in/buy/resale/synthetic/synth-00746","Synthetic","45"
"3","2200","Thrissur","87.16","Mannuthy","3.96k/sq.ft","1st Oct, 2026","3 BHK Independent House in Mannuthy, Thrissur","https://housing.com/in/buy/resale/synthetic/synth-00747","Synthetic","45"
"3.5","1630","Thrissur","62.18","Muringoor","3.81k/sq.ft","1st Jul, 2027","3.5 BHK Independent House in Muringoor, Thrissur","https://housing.com/in/buy/resale/synthetic/synth-00748","Synthetic","45"
"3.5","1550","Thrissur","40.66","Chalakudy","2.62k/sq.ft","Ready to move","3.5 BHK Independent House in Chalakudy, Thrissur","https://housing.com/in/buy/resale/synthetic/synth-00749","Synthetic","45"
"2.5","1890","Thrissur","67.77","Poothole","3.59k/sq.ft","15th Jan, 2027","2.5 BHK Independent House in Poothole, Thrissur","https://housing.com/in/buy/resale/synthetic/synth-00750","Synthetic","45"
"3.5","1980","Thrissur","63.53","Poothole","3.21k/sq.ft","28th Feb, 2027","3.5 BHK Independent House in Poothole, Thrissur","https://housing.com/in/buy/resale/synthetic/synth-00751","Synthetic","45"
"4","2460","Thrissur","209.35","Veliyannur","8.51k/sq.ft","1st Apr, 2027","4 BHK Independent House in Veliyannur, Thrissur","https://housing.com/in/buy/resale/synthetic/synth-00752","Synthetic","45"
"3","1840","Thrissur","117.56","Cherpu","6.39k/sq.ft","15th Jan, 2027","3 BHK Independent House in Cherpu, Thrissur","https://housing.com/in/buy/resale/synthetic/synth-00753","Synthetic","45"
"2.5","2980","Thrissur","75.24","Guruvayur","2.52k/sq.ft","Ready to move","2.5 BHK Independent House in Guruvayur, Thrissur","https://housing.com/in/buy/resale/synthetic/synth-00754","Synthetic","45"
"3","2320","Thrissur","100.43","Kodungallur","4.33k/sq.ft","1st Oct, 2026","3 BHK Independent House in Kodungallur, Thrissur","https://housing.com/in/buy/resale/synthetic/synth-00755","Synthetic","45"
"4","1020","Thrissur","58.29","Kechery","5.71k/sq.ft","1st Apr, 2027","4 BHK Independent House in Kechery, Thrissur","https://housing.com/in/buy/resale/synthetic/synth-00756","Synthetic","45"
"4","2400","Thrissur","90.7","Kuriachira","3.78k/sq.ft","1st Sep, 2026","4 BHK Independent House in Kuriachira, Thrissur","https://housing.com/in/buy/resale/synthetic/synth-00757","Synthetic","45"
"2.5","2400","Thrissur","58.95","Chalakudy","2.46k/sq.ft","1st Jun, 2027","2.5 BHK Independent House in Chalakudy, Thrissur","https://housing.com/in/buy/resale/synthetic/synth-00758","Synthetic","45"
"2.5","1900","Thrissur","110.96","Chavakkad Town","5.84k/sq.ft","1st Jun, 2027","2.5 BHK Independent House in Chavakkad Town, Thrissur","https://housing.com/in/buy/resale/synthetic/synth-00759","Synthetic","45"
"3.5","4400","Thrissur","190.5","Paravattani","4.33k/sq.ft","1st Jan, 2027","3.5 BHK Independent House in Paravattani, Thrissur","https://housing.com/in/buy/resale/synthetic/synth-00760","Synthetic","45"
"3","2100","Thrissur","94.5","East Nada","4.50k/sq.ft","1st Sep, 2026","3 BHK Independent House in East Nada, Thrissur","https://housing.com/in/buy/resale/synthetic/synth-00761","Synthetic","46"
"3","1030","Thrissur","36.54","Annamanada","3.55k/sq.ft","1st Feb, 2027","3 BHK Independent House in Annamanada, Thrissur","https://housing.com/in/buy/resale/synthetic/synth-00762","Synthetic","46"
"2","1710","Thrissur","86.71","Guruvayur","5.07k/sq.ft","Ready to move","2 BHK Independent House in Guruvayur, Thrissur","https://housing.com/in/buy/resale/synthetic/synth-00763","Synthetic","46"
"3.5","1750","Thrissur","81.52","Palayoor","4.66k/sq.ft","Ready to move","3.5 BHK Independent House in Palayoor, Thrissur","https://housing.com/in/buy/resale/synthetic/synth-00764","Synthetic","46"
"4","2400","Thrissur","132.41","Arimbur","5.52k/sq.ft","Ready to move","4 BHK Independent House in Arimbur, Thrissur","https://housing.com/in/buy/resale/synthetic/synth-00765","Synthetic","46"
"4.5","1710","Thrissur","34.96","Keltron Nagar, Kolazhy","2.04k/sq.ft","15th Jan, 2027","4.5 BHK Independent House in Keltron Nagar, Kolazhy, Thrissur","https://housing.com/in/buy/resale/synthetic/synth-00766","Synthetic","46"
"3","570","Thrissur","22.2","Nedupurha","3.89k/sq.ft","1st Feb, 2027","3 BHK Independent House in Nedupurha, Thrissur","https://housing.com/in/buy/resale/synthetic/synth-00767","Synthetic","46"
"3","2800","Thrissur","147.19","Peramangalam","5.26k/sq.ft","Ready to move","3 BHK Independent House in Peramangalam, Thrissur","https://housing.com/in/buy/resale/synthetic/synth-00768","Synthetic","46"
"2","1810","Thrissur","134.18","Chembukkav","7.41k/sq.ft","1st Mar, 2027","2 BHK Independent House in Chembukkav, Thrissur","https://housing.com/in/buy/resale/synthetic/synth-00769","Synthetic","46"
"5","2680","Thrissur","122.32","Meloor","4.56k/sq.ft","1st Mar, 2027","5 BHK Independent House in Meloor, Thrissur","https://housing.com/in/buy/resale/synthetic/synth-00770","Synthetic","46"
"3","2910","Thrissur","205.91","Chiyyaram","7.08k/sq.ft","1st Jul, 2027","3 BHK Independent House in Chiyyaram, Thrissur","https://housing.com/in/buy/resale/synthetic/synth-00771","Synthetic","46"
"3","1470","Thrissur","68.93","Nattika","4.69k/sq.ft","1st Mar, 2027","3 BHK Independent House in Nattika, Thrissur","https://housing.com/in/buy/resale/synthetic/synth-00772","Synthetic","46"
"4.5","1990","Thrissur","82.9","Mannuthy","4.17k/sq.ft","Ready to move","4.5 BHK Independent House in Mannuthy, Thrissur","https://housing.com/in/buy/resale/synthetic/synth-00773","Synthetic","46"
"2.5","2720","Thrissur","95.83","Valappad","3.52k/sq.ft","31st Mar, 2027","2.5 BHK Independent House in Valappad, Thrissur","https://housing.com/in/buy/resale/synthetic/synth-00774","Synthetic","46"
"3.5","1800","Thrissur","30.72","Guruvayur","1.71k/sq.ft","1st Nov, 2026","3.5 BHK Independent House in Guruvayur, Thrissur","https://housing.com/in/buy/resale/synthetic/synth-00775","Synthetic","46"
"3","2960","Thrissur","130.24","Kodungallur","4.40k/sq.ft","Ready to move","3 BHK Independent House in Kodungallur, Thrissur","https://housing.com/in/buy/resale/synthetic/synth-00776","Synthetic","46"
"4.5","2800","Thrissur","74.86","Amalanagar","2.67k/sq.ft","Ready to move","4.5 BHK Independent House in Amalanagar, Thrissur","https://housing.com/in/buy/resale/synthetic/synth-00777","Synthetic","46"
"2.5","2130","Thrissur","96.39","Valappad","4.53k/sq.ft","1st Mar, 2027","2.5 BHK Independent House in Valappad, Thrissur","https://housing.com/in/buy/resale/synthetic/synth-00778","Synthetic","46"
"3","2200","Thrissur","100.36","Pandikkavu, Viyyoor","4.56k/sq.ft","Ready to move","3 BHK Independent House in Pandikkavu, Viyyoor, Thrissur","https://housing.com/in/buy/resale/synthetic/synth-00779","Synthetic","46"
"3.5","1880","Thrissur","79.67","Mannuthy","4.24k/sq.ft","1st Aug, 2027","3.5 BHK Independent House in Mannuthy, Thrissur","https://housing.com/in/buy/resale/synthetic/synth-00780","Synthetic","46"
"4.5","4030","Thrissur","326.93","Kaiparambu","8.11k/sq.ft","1st Sep, 2026","4.5 BHK Independent House in Kaiparambu, Thrissur","https://housing.com/in/buy/resale/synthetic/synth-00781","Synthetic","47"
"2","2090","Thrissur","81.88","Chalakudy","3.92k/sq.ft","Ready to move","2 BHK Independent House in Chalakudy, Thrissur","https://housing.com/in/buy/resale/synthetic/synth-00782","Synthetic","47"
"5","1890","Thrissur","74.36","Mannuthy","3.93k/sq.ft","1st Jun, 2027","5 BHK Independent House in Mannuthy, Thrissur","https://housing.com/in/buy/resale/synthetic/synth-00783","Synthetic","47"
"4","2010","Thrissur","81.32","Mannuthy","4.05k/sq.ft","28th Feb, 2027","4 BHK Independent House in Mannuthy, Thrissur","https://housing.com/in/buy/resale/synthetic/synth-00784","Synthetic","47"
"4","2510","Thrissur","111.8","Pandikkavu, Viyyoor","4.45k/sq.ft","1st Aug, 2027","4 BHK Independent House in Pandikkavu, Viyyoor, Thrissur","https://housing.com/in/buy/resale/synthetic/synth-00785","Synthetic","47"
"2","1860","Thrissur","56.08","Mukkattukara","3.01k/sq.ft","1st Dec, 2026","2 BHK Independent House in Mukkattukara, Thrissur","https://housing.com/in/buy/resale/synthetic/synth-00786","Synthetic","47"
"3.5","2250","Thrissur","44.96","Ollur","2.00k/sq.ft","1st Oct, 2026","3.5 BHK Independent House in Ollur, Thrissur","https://housing.com/in/buy/resale/synthetic/synth-00787","Synthetic","47"
"3.5","3020","Thrissur","133.3","Wadakkanchery","4.41k/sq.ft","Ready to move","3.5 BHK Independent House in Wadakkanchery, Thrissur","https://housing.com/in/buy/resale/synthetic/synth-00788","Synthetic","47"
"4","1350","Thrissur","62.59","Chiyyaram","4.64k/sq.ft","Ready to move","4 BHK Independent House in Chiyyaram, Thrissur","https://housing.com/in/buy/resale/synthetic/synth-00789","Synthetic","47"
"3","2640","Thrissur","85.39","Puthurkkara","3.23k/sq.ft","Ready to move","3 BHK Independent House in Puthurkkara, Thrissur","https://housing.com/in/buy/resale/synthetic/synth-00790","Synthetic","47"
"3","1900","Thrissur","82.76","Muthuvattoor","4.36k/sq.ft","Ready to move","3 BHK Independent House in Muthuvattoor, Thrissur","https://housing.com/in/buy/resale/synthetic/synth-00791","Synthetic","47"
"5","3920","Thrissur","100.88","Pottore, Killannur","2.57k/sq.ft","1st Jun, 2027","5 BHK Independent House in Pottore, Killannur, Thrissur","https://housing.com/in/buy/resale/synthetic/synth-00792","Synthetic","47"
"3","3040","Thrissur","122.64","Pattambi","4.03k/sq.ft","1st Jul, 2027","3 BHK Independent House in Pattambi, Thrissur","https://housing.com/in/buy/resale/synthetic/synth-00793","Synthetic","47"
"3","1750","Thrissur","51.44","Varadiyam","2.94k/sq.ft","1st Nov, 2026","3 BHK Independent House in Varadiyam, Thrissur","https://housing.com/in/buy/resale/synthetic/synth-00794","Synthetic","47"
"3","1850","Thrissur","86.6","Thanikkudam","4.68k/sq.ft","1st Sep, 2026","3 BHK Independent House in Thanikkudam, Thrissur","https://housing.com/in/buy/resale/synthetic/synth-00795","Synthetic","47"
"3","1090","Thrissur","68.0","Kuttumukku, Cheroor","6.24k/sq.ft","Ready to move","3 BHK Independent House in Kuttumukku, Cheroor, Thrissur","https://housing.com/in/buy/resale/synthetic/synth-00796","Synthetic","47"
"3.5","1920","Thrissur","126.91","Engandiyoor","6.61k/sq.ft","1st Jan, 2027","3.5 BHK Independent House in Engandiyoor, Thrissur","https://housing.com/in/buy/resale/synthetic/synth-00797","Synthetic","47"
"3.5","300","Thrissur","11.62","Punkunnam","3.87k/sq.ft","Ready to move","3.5 BHK Independent House in Punkunnam, Thrissur","https://housing.com/in/buy/resale/synthetic/synth-00798","Synthetic","47"
"3","2020","Thrissur","62.83","Amalanagar","3.11k/sq.ft","Ready to move","3 BHK Independent House in Amalanagar, Thrissur","https://housing.com/in/buy/resale/synthetic/synth-00799","Synthetic","47"
"5","3560","Thrissur","148.93","Marathakkara","4.18k/sq.ft","Ready to move","5 BHK Independent House in Marathakkara, Thrissur","https://housing.com/in/buy/resale/synthetic/synth-00800","Synthetic","47"
"3","2000","Thrissur","42.28","Nellikunnu","2.11k/sq.ft","1st Jan, 2027","3 BHK Independent House in Nellikunnu, Thrissur","https://housing.com/in/buy/resale/synthetic/synth-00801","Synthetic","48"
"4.5","3940","Thrissur","99.86","Pottore, Killannur","2.53k/sq.ft","Ready to move","4.5 BHK Independent House in Pottore, Killannur, Thrissur","https://housing.com/in/buy/resale/synthetic/synth-00802","Synthetic","48"
"3","1690","Thrissur","19.06","Guruvayur","1.13k/sq.ft","1st Dec, 2026","3 BHK Independent House in Guruvayur, Thrissur","https://housing.com/in/buy/resale/synthetic/synth-00803","Synthetic","48"
"2","1640","Thrissur","58.61","Mukkattukara","3.57k/sq.ft","Ready to move","2 BHK Independent House in Mukkattukara, Thrissur","https://housing.com/in/buy/resale/synthetic/synth-00804","Synthetic","48"
"3","1050","Thrissur","91.43","Irinjalakuda","8.71k/sq.ft","1st Aug, 2027","3 BHK Independent House in Irinjalakuda, Thrissur","https://housing.com/in/buy/resale/synthetic/synth-00805","Synthetic","48"
"3.5","2330","Thrissur","106.89","West Nada","4.59k/sq.ft","Ready to move","3.5 BHK Independent House in West Nada, Thrissur","https://housing.com/in/buy/resale/synthetic/synth-00806","Synthetic","48"
"3","1980","Thrissur","98.16","Erumapetty","4.96k/sq.ft","Ready to move","3 BHK Independent House in Erumapetty, Thrissur","https://housing.com/in/buy/resale/synthetic/synth-00807","Synthetic","48"
"4","2660","Thrissur","217.52","Manathala, Chavakkad","8.18k/sq.ft","1st Apr, 2027","4 BHK Independent House in Manathala, Chavakkad, Thrissur","https://housing.com/in/buy/resale/synthetic/synth-00808","Synthetic","48"
"3","1700","Thrissur","71.78","West Nada","4.22k/sq.ft","1st Nov, 2026","3 BHK Independent House in West Nada, Thrissur","https://housing.com/in/buy/resale/synthetic/synth-00809","Synthetic","48"
"2.5","2500","Thrissur","68.7","Amalanagar","2.75k/sq.ft","Ready to move","2.5 BHK Independent House in Amalanagar, Thrissur","https://housing.com/in/buy/resale/synthetic/synth-00810","Synthetic","48"
"3","1740","Thrissur","64.77","Mannuthy","3.72k/sq.ft","Ready to move","3 BHK Independent House in Mannuthy, Thrissur","https://housing.com/in/buy/resale/synthetic/synth-00811","Synthetic","48"
"3.5","2020","Thrissur","107.44","Ollur","5.32k/sq.ft","31st Mar, 2027","3.5 BHK Independent House in Ollur, Thrissur","https://housing.com/in/buy/resale/synthetic/synth-00812","Synthetic","48"
"1","300","Thrissur","3.0","Minalur","993.00/sq.ft","1st May, 2027","1 BHK Independent House in Minalur, Thrissur","https://housing.com/in/buy/resale/synthetic/synth-00813","Synthetic","48"
"2","940","Thrissur","29.5","Sringapuram, Kodungallur","3.14k/sq.ft","1st Nov, 2026","2 BHK Independent House in Sringapuram, Kodungallur, Thrissur","https://housing.com/in/buy/resale/synthetic/synth-00814","Synthetic","48"
"3.5","1260","Thrissur","86.23","Pariyaram","6.84k/sq.ft","Ready to move","3.5 BHK Independent House in Pariyaram, Thrissur","https://housing.com/in/buy/resale/synthetic/synth-00815","Synthetic","48"
